Module,File,Class,Line,Bases,Decorators
ciris_engine,ciris_engine/protocols/faculties.py,EpistemicFaculty,6,Protocol,
ciris_engine,ciris_engine/logic/utils/graphql_context_provider.py,GraphQLClient,15,,
ciris_engine,ciris_engine/logic/utils/graphql_context_provider.py,GraphQLContextProvider,40,,
ciris_engine,ciris_engine/logic/utils/shutdown_manager.py,ShutdownManagerWrapper,63,,
ciris_engine,ciris_engine/logic/utils/incident_capture_handler.py,IncidentCaptureHandler,13,Handler,
ciris_engine,ciris_engine/logic/utils/initialization_manager.py,InitializationError,16,Exception,
ciris_engine,ciris_engine/logic/runtime/adapter_manager.py,AdapterInstance,32,,dataclass
ciris_engine,ciris_engine/logic/runtime/adapter_manager.py,AdapterManagerInterface,46,,
ciris_engine,ciris_engine/logic/runtime/adapter_manager.py,RuntimeAdapterManager,69,AdapterManagerInterface,
ciris_engine,ciris_engine/logic/runtime/modular_service_loader.py,ModularServiceLoader,19,,
ciris_engine,ciris_engine/logic/runtime/module_loader.py,ModuleLoader,17,,
ciris_engine,ciris_engine/logic/runtime/ciris_runtime.py,CIRISRuntime,48,,
ciris_engine,ciris_engine/logic/runtime/runtime_interface.py,RuntimeInterface,4,Protocol,runtime_checkable
ciris_engine,ciris_engine/logic/runtime/component_builder.py,ComponentBuilder,33,,
ciris_engine,ciris_engine/logic/runtime/identity_manager.py,IdentityManager,24,,
ciris_engine,ciris_engine/logic/runtime/service_initializer.py,ServiceInitializer,38,,
ciris_engine,ciris_engine/logic/adapters/tool_registry.py,ToolRegistry,4,,
ciris_engine,ciris_engine/logic/adapters/base.py,Service,11,ABC,
ciris_engine,ciris_engine/logic/adapters/base_observer.py,BaseObserver,24,<ast.Subscript object at 0x7b74970b25d0>|ABC,
ciris_engine,ciris_engine/logic/adapters/cirisnode_client.py,CIRISNodeClient,28,Service,
ciris_engine,ciris_engine/logic/context/builder.py,ContextBuilder,16,,
ciris_engine,ciris_engine/logic/telemetry/core.py,BasicTelemetryCollector,18,Service,
ciris_engine,ciris_engine/logic/telemetry/hot_cold_config.py,PathConfig,12,,dataclass
ciris_engine,ciris_engine/logic/telemetry/hot_cold_config.py,ModulePathConfig,21,,dataclass
ciris_engine,ciris_engine/logic/telemetry/log_collector.py,TSDBLogHandler,18,Handler,
ciris_engine,ciris_engine/logic/telemetry/log_collector.py,LogCorrelationCollector,82,,
ciris_engine,ciris_engine/logic/telemetry/security.py,SecurityFilter,17,,
ciris_engine,ciris_engine/logic/conscience/registry.py,conscienceEntry,10,,dataclass
ciris_engine,ciris_engine/logic/conscience/registry.py,conscienceRegistry,17,,
ciris_engine,ciris_engine/logic/conscience/interface.py,ConscienceInterface,9,Protocol,runtime_checkable
ciris_engine,ciris_engine/logic/conscience/core.py,ConscienceConfig,12,BaseModel,
ciris_engine,ciris_engine/logic/conscience/core.py,EntropyResult,35,BaseModel,
ciris_engine,ciris_engine/logic/conscience/core.py,CoherenceResult,39,BaseModel,
ciris_engine,ciris_engine/logic/conscience/core.py,_BaseConscience,43,ConscienceInterface,
ciris_engine,ciris_engine/logic/conscience/core.py,Entropyconscience,87,_BaseConscience,
ciris_engine,ciris_engine/logic/conscience/core.py,Coherenceconscience,167,_BaseConscience,
ciris_engine,ciris_engine/logic/conscience/core.py,OptimizationVetoconscience,257,_BaseConscience,
ciris_engine,ciris_engine/logic/conscience/core.py,EpistemicHumilityconscience,333,_BaseConscience,
ciris_engine,ciris_engine/logic/conscience/thought_depth_guardrail.py,ThoughtDepthconscience,21,ConscienceInterface,
ciris_engine,ciris_engine/logic/audit/hash_chain.py,AuditHashChain,19,,
ciris_engine,ciris_engine/logic/audit/verifier.py,AuditVerifier,23,,
ciris_engine,ciris_engine/logic/audit/signature_manager.py,AuditSignatureManager,25,,
ciris_engine,ciris_engine/logic/config/config_accessor.py,ConfigAccessor,16,,
ciris_engine,ciris_engine/logic/config/bootstrap.py,ConfigBootstrap,17,,
ciris_engine,ciris_engine/logic/dma/prompt_loader.py,DMAPromptLoader,15,,
ciris_engine,ciris_engine/logic/dma/action_selection_pdma.py,ActionSelectionPDMAEvaluator,33,BaseDMA|ActionSelectionDMAProtocol,
ciris_engine,ciris_engine/logic/dma/pdma.py,EthicalPDMAEvaluator,18,BaseDMA|PDMAProtocol,
ciris_engine,ciris_engine/logic/dma/dsdma_base.py,BaseDSDMA,22,BaseDMA|DSDMAProtocol,
ciris_engine,ciris_engine/logic/dma/dsdma_base.py,LLMOutputForDSDMA,75,BaseModel,
ciris_engine,ciris_engine/logic/dma/base_dma.py,BaseDMA,20,ABC|<ast.Subscript object at 0x7b7497054e10>,
ciris_engine,ciris_engine/logic/dma/csdma.py,CSDMAEvaluator,27,BaseDMA|CSDMAProtocol,
ciris_engine,ciris_engine/logic/dma/exceptions.py,DMAFailure,1,Exception,
ciris_engine,ciris_engine/logic/secrets/service.py,SecretsService,28,Service|SecretsServiceProtocol|ServiceProtocol,
ciris_engine,ciris_engine/logic/secrets/store.py,SecretsStore,25,,
ciris_engine,ciris_engine/logic/secrets/encryption.py,SecretsEncryption,17,,
ciris_engine,ciris_engine/logic/secrets/filter.py,SecretsFilter,22,,
ciris_engine,ciris_engine/logic/registries/base.py,Priority,19,Enum,
ciris_engine,ciris_engine/logic/registries/base.py,SelectionStrategy,27,Enum,
ciris_engine,ciris_engine/logic/registries/base.py,ServiceProvider,34,,dataclass
ciris_engine,ciris_engine/logic/registries/base.py,HealthCheckProtocol,45,Protocol,
ciris_engine,ciris_engine/logic/registries/base.py,ServiceRegistry,51,,
ciris_engine,ciris_engine/logic/registries/circuit_breaker.py,CircuitBreakerError,16,Exception,
ciris_engine,ciris_engine/logic/registries/circuit_breaker.py,CircuitState,19,Enum,
ciris_engine,ciris_engine/logic/registries/circuit_breaker.py,CircuitBreakerConfig,25,,dataclass
ciris_engine,ciris_engine/logic/registries/circuit_breaker.py,CircuitBreaker,32,,
ciris_engine,ciris_engine/logic/persistence/maintenance.py,DatabaseMaintenanceService,25,,
ciris_engine,ciris_engine/logic/buses/bus_manager.py,BusManager,20,,
ciris_engine,ciris_engine/logic/buses/wise_bus.py,WiseBus,18,<ast.Subscript object at 0x7b749708d7d0>,
ciris_engine,ciris_engine/logic/buses/communication_bus.py,SendMessageRequest,22,BusMessage,dataclass
ciris_engine,ciris_engine/logic/buses/communication_bus.py,FetchMessagesRequest,28,BusMessage,dataclass
ciris_engine,ciris_engine/logic/buses/communication_bus.py,CommunicationBus,33,<ast.Subscript object at 0x7b7496f02f50>,
ciris_engine,ciris_engine/logic/buses/runtime_control_bus.py,OperationPriority,23,str|Enum,
ciris_engine,ciris_engine/logic/buses/runtime_control_bus.py,RuntimeControlBus,30,<ast.Subscript object at 0x7b7496ef0190>,
ciris_engine,ciris_engine/logic/buses/llm_bus.py,DistributionStrategy,28,str|Enum,
ciris_engine,ciris_engine/logic/buses/llm_bus.py,ServiceMetrics,36,,dataclass
ciris_engine,ciris_engine/logic/buses/llm_bus.py,MessageDict,60,TypedDict,dataclass
ciris_engine,ciris_engine/logic/buses/llm_bus.py,LLMRequest,65,BusMessage,
ciris_engine,ciris_engine/logic/buses/llm_bus.py,CircuitBreaker,74,,
ciris_engine,ciris_engine/logic/buses/llm_bus.py,LLMBus,136,<ast.Subscript object at 0x7b7496ee8d90>,
ciris_engine,ciris_engine/logic/buses/base_bus.py,BusMessage,19,,dataclass
ciris_engine,ciris_engine/logic/buses/base_bus.py,BaseBus,29,ABC|<ast.Subscript object at 0x7b7497043b90>,
ciris_engine,ciris_engine/logic/buses/tool_bus.py,ToolBus,20,<ast.Subscript object at 0x7b749705bd50>,
ciris_engine,ciris_engine/logic/buses/memory_bus.py,MemorizeRequest,23,BusMessage,dataclass
ciris_engine,ciris_engine/logic/buses/memory_bus.py,RecallRequest,28,BusMessage,dataclass
ciris_engine,ciris_engine/logic/buses/memory_bus.py,ForgetRequest,33,BusMessage,dataclass
ciris_engine,ciris_engine/logic/buses/memory_bus.py,MemoryBus,37,<ast.Subscript object at 0x7b7497095790>,
ciris_engine,ciris_engine/logic/infrastructure/handlers/action_dispatcher.py,ActionDispatcher,14,,
ciris_engine,ciris_engine/logic/infrastructure/handlers/base_handler.py,ActionHandlerDependencies,28,,
ciris_engine,ciris_engine/logic/infrastructure/handlers/base_handler.py,BaseActionHandler,66,ABC,
ciris_engine,ciris_engine/logic/infrastructure/handlers/exceptions.py,FollowUpCreationError,2,Exception,
ciris_engine,ciris_engine/logic/infrastructure/sub_services/configuration_feedback_loop.py,ConfigurationFeedbackLoop,36,Service,
ciris_engine,ciris_engine/logic/infrastructure/sub_services/wa_cli_oauth.py,WACLIOAuthService,36,,
ciris_engine,ciris_engine/logic/infrastructure/sub_services/wa_cli_wizard.py,WACLIWizardService,18,,
ciris_engine,ciris_engine/logic/infrastructure/sub_services/wa_cli_display.py,WACLIDisplayService,13,,
ciris_engine,ciris_engine/logic/infrastructure/sub_services/wa_cli_bootstrap.py,WACLIBootstrapService,18,,
ciris_engine,ciris_engine/logic/infrastructure/sub_services/identity_variance_monitor.py,IdentityVarianceMonitor,34,Service,
ciris_engine,ciris_engine/logic/adapters/cli/cli_observer.py,CLIObserver,18,<ast.Subscript object at 0x7b749709f450>,
ciris_engine,ciris_engine/logic/adapters/cli/cli_wa_service.py,CLIWiseAuthorityService,18,WiseAuthorityService,
ciris_engine,ciris_engine/logic/adapters/cli/cli_tools.py,CLIToolService,24,ToolService,
ciris_engine,ciris_engine/logic/adapters/cli/adapter.py,CliPlatform,16,Service,
ciris_engine,ciris_engine/logic/adapters/cli/cli_adapter.py,CLIAdapter,28,CommunicationService|ToolService,
ciris_engine,ciris_engine/logic/adapters/cli/config.py,CLIAdapterConfig,9,BaseModel,
ciris_engine,ciris_engine/logic/adapters/api/api_wa.py,APIWARoutes,8,,
ciris_engine,ciris_engine/logic/adapters/api/api_telemetry.py,APITelemetryRoutes,12,,
ciris_engine,ciris_engine/logic/adapters/api/api_system.py,APISystemRoutes,8,,
ciris_engine,ciris_engine/logic/adapters/api/api_runtime_control.py,APIRuntimeControlRoutes,10,,
ciris_engine,ciris_engine/logic/adapters/api/api_tools.py,APIToolsRoutes,8,,
ciris_engine,ciris_engine/logic/adapters/api/api_logs.py,APILogsRoutes,10,,
ciris_engine,ciris_engine/logic/adapters/api/api_visibility.py,APIVisibilityRoutes,19,,
ciris_engine,ciris_engine/logic/adapters/api/api_adapter.py,APIAdapter,27,CommunicationService,
ciris_engine,ciris_engine/logic/adapters/api/api_comms.py,APICommsRoutes,11,,
ciris_engine,ciris_engine/logic/adapters/api/adapter.py,ApiPlatform,14,Service,
ciris_engine,ciris_engine/logic/adapters/api/api_observer.py,APIObserver,14,<ast.Subscript object at 0x7b749703b950>,
ciris_engine,ciris_engine/logic/adapters/api/api_agent.py,APIAgentRoutes,14,,
ciris_engine,ciris_engine/logic/adapters/api/api_auth.py,APIAuthRoutes,11,,
ciris_engine,ciris_engine/logic/adapters/api/config.py,APIAdapterConfig,9,BaseModel,
ciris_engine,ciris_engine/logic/adapters/api/api_memory.py,APIMemoryRoutes,14,,
ciris_engine,ciris_engine/logic/adapters/api/api_audit.py,APIAuditRoutes,9,,
ciris_engine,ciris_engine/logic/adapters/discord/discord_message_handler.py,DiscordMessageHandler,12,,
ciris_engine,ciris_engine/logic/adapters/discord/discord_access_control.py,AccessLevel,11,Enum,
ciris_engine,ciris_engine/logic/adapters/discord/discord_access_control.py,ChannelPermissions,21,,dataclass
ciris_engine,ciris_engine/logic/adapters/discord/discord_access_control.py,DiscordAccessControl,52,,
ciris_engine,ciris_engine/logic/adapters/discord/discord_channel_manager.py,DiscordChannelManager,11,,
ciris_engine,ciris_engine/logic/adapters/discord/discord_reaction_handler.py,ApprovalStatus,14,Enum,
ciris_engine,ciris_engine/logic/adapters/discord/discord_reaction_handler.py,ApprovalRequest,21,,
ciris_engine,ciris_engine/logic/adapters/discord/discord_reaction_handler.py,DiscordReactionHandler,36,,
ciris_engine,ciris_engine/logic/adapters/discord/discord_connection_manager.py,ConnectionState,15,Enum,
ciris_engine,ciris_engine/logic/adapters/discord/discord_connection_manager.py,DiscordConnectionManager,24,,
ciris_engine,ciris_engine/logic/adapters/discord/discord_thread_manager.py,ThreadType,14,Enum,
ciris_engine,ciris_engine/logic/adapters/discord/discord_thread_manager.py,DiscordThreadManager,24,,
ciris_engine,ciris_engine/logic/adapters/discord/discord_rate_limiter.py,RateLimitBucket,12,,
ciris_engine,ciris_engine/logic/adapters/discord/discord_rate_limiter.py,DiscordRateLimiter,62,,
ciris_engine,ciris_engine/logic/adapters/discord/discord_observer.py,DiscordObserver,21,<ast.Subscript object at 0x7b7496f3e590>,
ciris_engine,ciris_engine/logic/adapters/discord/adapter.py,DiscordPlatform,22,Service,
ciris_engine,ciris_engine/logic/adapters/discord/discord_adapter.py,DiscordAdapter,47,Service|CommunicationService|WiseAuthorityService|ToolService,
ciris_engine,ciris_engine/logic/adapters/discord/discord_audit.py,DiscordAuditLogger,16,,
ciris_engine,ciris_engine/logic/adapters/discord/discord_guidance_handler.py,DiscordGuidanceHandler,13,,
ciris_engine,ciris_engine/logic/adapters/discord/discord_guidance_handler.py,DeferralHelperView,363,View,
ciris_engine,ciris_engine/logic/adapters/discord/discord_embed_formatter.py,EmbedType,7,Enum,
ciris_engine,ciris_engine/logic/adapters/discord/discord_embed_formatter.py,DiscordEmbedFormatter,21,,
ciris_engine,ciris_engine/logic/adapters/discord/discord_slash_commands.py,DiscordSlashCommands,14,,
ciris_engine,ciris_engine/logic/adapters/discord/config.py,DiscordAdapterConfig,10,BaseModel,
ciris_engine,ciris_engine/logic/adapters/discord/discord_tool_handler.py,DiscordToolHandler,22,,
ciris_engine,ciris_engine/logic/adapters/discord/discord_vision_helper.py,DiscordVisionHelper,12,,
ciris_engine,ciris_engine/logic/adapters/discord/discord_error_handler.py,ErrorSeverity,15,Enum,
ciris_engine,ciris_engine/logic/adapters/discord/discord_error_handler.py,DiscordErrorHandler,23,,
ciris_engine,ciris_engine/logic/processors/core/base_processor.py,BaseProcessor,24,ABC,
ciris_engine,ciris_engine/logic/processors/core/main_processor.py,AgentProcessor,42,,
ciris_engine,ciris_engine/logic/processors/core/thought_processor.py,ThoughtProcessor,23,,
ciris_engine,ciris_engine/logic/processors/support/thought_manager.py,ThoughtManager,18,,
ciris_engine,ciris_engine/logic/processors/support/processing_queue.py,ThoughtContent,16,BaseModel,
ciris_engine,ciris_engine/logic/processors/support/processing_queue.py,ProcessingQueueItem,21,BaseModel,
ciris_engine,ciris_engine/logic/processors/support/task_manager.py,TaskManager,18,,
ciris_engine,ciris_engine/logic/processors/support/dma_orchestrator.py,DMAOrchestrator,38,,
ciris_engine,ciris_engine/logic/processors/support/state_manager.py,StateTransition,14,,
ciris_engine,ciris_engine/logic/processors/support/state_manager.py,StateManager,25,,
ciris_engine,ciris_engine/logic/processors/states/wakeup_processor.py,WakeupProcessor,25,BaseProcessor,
ciris_engine,ciris_engine/logic/processors/states/play_processor.py,PlayProcessor,15,WorkProcessor,
ciris_engine,ciris_engine/logic/processors/states/dream_processor.py,DreamPhase,40,str|Enum,
ciris_engine,ciris_engine/logic/processors/states/dream_processor.py,DreamSession,51,,dataclass
ciris_engine,ciris_engine/logic/processors/states/dream_processor.py,DreamProcessor,74,BaseProcessor,
ciris_engine,ciris_engine/logic/processors/states/work_processor.py,WorkProcessor,26,BaseProcessor,
ciris_engine,ciris_engine/logic/processors/states/shutdown_processor.py,ShutdownProcessor,33,BaseProcessor,
ciris_engine,ciris_engine/logic/processors/states/solitude_processor.py,SolitudeProcessor,24,BaseProcessor,
ciris_engine,ciris_engine/logic/dma/action_selection/faculty_integration.py,FacultyIntegration,11,,
ciris_engine,ciris_engine/logic/dma/action_selection/context_builder.py,ActionSelectionContextBuilder,13,,
ciris_engine,ciris_engine/logic/dma/action_selection/special_cases.py,ActionSelectionSpecialCases,11,,
ciris_engine,ciris_engine/logic/dma/action_selection/action_instruction_generator.py,ActionInstructionGenerator,21,,
ciris_engine,ciris_engine/logic/services/infrastructure/resource_monitor.py,ResourceSignalBus,25,,
ciris_engine,ciris_engine/logic/services/infrastructure/resource_monitor.py,ResourceMonitorService,46,ResourceMonitorServiceProtocol|ServiceProtocol,
ciris_engine,ciris_engine/logic/services/infrastructure/authentication.py,AuthenticationService,43,BaseService|AuthenticationServiceProtocol|ServiceProtocol,
ciris_engine,ciris_engine/logic/services/runtime/control_service.py,RuntimeControlService,35,Service|RuntimeControlServiceProtocol,
ciris_engine,ciris_engine/logic/services/runtime/llm_service.py,OpenAIConfig,17,BaseModel,
ciris_engine,ciris_engine/logic/services/runtime/llm_service.py,OpenAICompatibleClient,33,LLMServiceProtocol,
ciris_engine,ciris_engine/logic/services/runtime/secrets_service.py,RecallSecretParams,24,BaseModel,
ciris_engine,ciris_engine/logic/services/runtime/secrets_service.py,UpdateSecretsFilterParams,30,BaseModel,
ciris_engine,ciris_engine/logic/services/runtime/secrets_service.py,SecretsTools,40,,
ciris_engine,ciris_engine/logic/services/governance/visibility.py,VisibilityService,37,VisibilityServiceProtocol|ServiceProtocol,
ciris_engine,ciris_engine/logic/services/governance/filter.py,AdaptiveFilterService,28,Service|AdaptiveFilterServiceProtocol,
ciris_engine,ciris_engine/logic/services/governance/wise_authority.py,WiseAuthorityService,40,Service|WiseAuthorityServiceProtocol|ServiceProtocol,
ciris_engine,ciris_engine/logic/services/lifecycle/time.py,TimeService,18,TimeServiceProtocol|ServiceProtocol,
ciris_engine,ciris_engine/logic/services/lifecycle/initialization.py,InitializationStep,25,,dataclass
ciris_engine,ciris_engine/logic/services/lifecycle/initialization.py,InitializationService,34,InitializationServiceProtocol|ServiceProtocol,
ciris_engine,ciris_engine/logic/services/lifecycle/scheduler.py,TaskSchedulerService,45,Service|TaskSchedulerServiceProtocol,
ciris_engine,ciris_engine/logic/services/lifecycle/shutdown.py,ShutdownService,18,ShutdownServiceProtocol|ServiceProtocol,
ciris_engine,ciris_engine/logic/services/adaptation/self_configuration.py,AdaptationState,45,str|Enum,
ciris_engine,ciris_engine/logic/services/adaptation/self_configuration.py,AdaptationCycle,54,,dataclass
ciris_engine,ciris_engine/logic/services/adaptation/self_configuration.py,SelfConfigurationService,66,Service|SelfConfigurationServiceProtocol|ServiceProtocol,
ciris_engine,ciris_engine/logic/services/graph/base.py,BaseGraphService,22,ABC|GraphServiceProtocol,
ciris_engine,ciris_engine/logic/services/graph/incident_service.py,IncidentManagementService,33,BaseGraphService,
ciris_engine,ciris_engine/logic/services/graph/audit_service.py,GraphAuditService,52,AuditServiceProtocol|GraphServiceProtocol|ServiceProtocol,
ciris_engine,ciris_engine/logic/services/graph/telemetry_service.py,MemoryType,34,str|Enum,
ciris_engine,ciris_engine/logic/services/graph/telemetry_service.py,GracePolicy,42,str|Enum,
ciris_engine,ciris_engine/logic/services/graph/telemetry_service.py,ConsolidationCandidate,50,,dataclass
ciris_engine,ciris_engine/logic/services/graph/telemetry_service.py,GraphTelemetryService,59,TelemetryServiceProtocol|ServiceProtocol,
ciris_engine,ciris_engine/logic/services/graph/tsdb_consolidation_service.py,TSDBConsolidationService,35,BaseGraphService,
ciris_engine,ciris_engine/logic/services/graph/memory_service.py,DateTimeEncoder,33,JSONEncoder,
ciris_engine,ciris_engine/logic/services/graph/memory_service.py,LocalGraphMemoryService,41,MemoryService|GraphMemoryServiceProtocol,
ciris_engine,ciris_engine/logic/services/graph/config_service.py,GraphConfigService,19,GraphConfigServiceProtocol|ServiceProtocol,
ciris_engine,ciris_engine/logic/persistence/models/graph.py,DateTimeEncoder,12,JSONEncoder,
ciris_engine,ciris_engine/logic/handlers/memory/recall_handler.py,RecallHandler,17,BaseActionHandler,
ciris_engine,ciris_engine/logic/handlers/memory/forget_handler.py,ForgetHandler,18,BaseActionHandler,
ciris_engine,ciris_engine/logic/handlers/memory/memorize_handler.py,MemorizeHandler,22,BaseActionHandler,
ciris_engine,ciris_engine/logic/handlers/control/ponder_handler.py,PonderHandler,17,BaseActionHandler,
ciris_engine,ciris_engine/logic/handlers/control/defer_handler.py,DeferHandler,17,BaseActionHandler,
ciris_engine,ciris_engine/logic/handlers/control/reject_handler.py,RejectHandler,24,BaseActionHandler,
ciris_engine,ciris_engine/logic/handlers/external/observe_handler.py,ObserveHandler,26,BaseActionHandler,
ciris_engine,ciris_engine/logic/handlers/external/speak_handler.py,SpeakHandler,38,BaseActionHandler,
ciris_engine,ciris_engine/logic/handlers/external/tool_handler.py,ToolHandler,17,BaseActionHandler,
ciris_engine,ciris_engine/logic/handlers/terminal/task_complete_handler.py,TaskCompleteHandler,15,BaseActionHandler,
ciris_engine,ciris_engine/schemas/utils/config_validator.py,ConfigData,10,BaseModel,
ciris_engine,ciris_engine/schemas/utils/config_validator.py,LLMConfig,17,BaseModel,
ciris_engine,ciris_engine/schemas/utils/config_validator.py,DatabaseValidationConfig,24,BaseModel,
ciris_engine,ciris_engine/schemas/utils/config_validator.py,MaskedConfigResult,29,BaseModel,
ciris_engine,ciris_engine/schemas/utils/config_validator.py,NestedValueUpdate,35,BaseModel,
ciris_engine,ciris_engine/schemas/infrastructure/behavioral_patterns.py,BehavioralPattern,11,BaseModel,
ciris_engine,ciris_engine/schemas/infrastructure/behavioral_patterns.py,ActionFrequency,24,BaseModel,
ciris_engine,ciris_engine/schemas/infrastructure/behavioral_patterns.py,EthicalBoundary,36,BaseModel,
ciris_engine,ciris_engine/schemas/infrastructure/behavioral_patterns.py,IdentityMetric,49,BaseModel,
ciris_engine,ciris_engine/schemas/infrastructure/behavioral_patterns.py,IdentityVarianceReport,62,BaseModel,
ciris_engine,ciris_engine/schemas/infrastructure/behavioral_patterns.py,FeedbackLoopAnalysis,76,BaseModel,
ciris_engine,ciris_engine/schemas/infrastructure/base.py,RuntimeStats,11,BaseModel,
ciris_engine,ciris_engine/schemas/infrastructure/base.py,HealthCheckResult,24,BaseModel,
ciris_engine,ciris_engine/schemas/infrastructure/base.py,ComponentHealthStatus,32,BaseModel,
ciris_engine,ciris_engine/schemas/infrastructure/base.py,ServiceDependencies,40,BaseModel,
ciris_engine,ciris_engine/schemas/infrastructure/base.py,BusMetrics,48,BaseModel,
ciris_engine,ciris_engine/schemas/infrastructure/base.py,ConsolidationResult,60,BaseModel,
ciris_engine,ciris_engine/schemas/infrastructure/base.py,DreamSchedule,72,BaseModel,
ciris_engine,ciris_engine/schemas/infrastructure/base.py,DreamInsight,82,BaseModel,
ciris_engine,ciris_engine/schemas/infrastructure/base.py,IdentityBaseline,92,BaseModel,
ciris_engine,ciris_engine/schemas/infrastructure/base.py,IdentityVarianceMetric,103,BaseModel,
ciris_engine,ciris_engine/schemas/infrastructure/base.py,ConfigurationFeedback,113,BaseModel,
ciris_engine,ciris_engine/schemas/infrastructure/base.py,ConfigurationPattern,124,BaseModel,
ciris_engine,ciris_engine/schemas/infrastructure/base.py,ConfigurationUpdate,134,BaseModel,
ciris_engine,ciris_engine/schemas/infrastructure/base.py,ActiveAdapter,146,BaseModel,
ciris_engine,ciris_engine/schemas/infrastructure/base.py,CheckpointInfo,156,BaseModel,
ciris_engine,ciris_engine/schemas/infrastructure/base.py,ServiceRegistration,167,BaseModel,
ciris_engine,ciris_engine/schemas/infrastructure/base.py,ServiceRegistry,179,BaseModel,
ciris_engine,ciris_engine/schemas/infrastructure/oauth.py,OAuthProviderConfig,11,BaseModel,
ciris_engine,ciris_engine/schemas/infrastructure/oauth.py,OAuthSetupRequest,18,BaseModel,
ciris_engine,ciris_engine/schemas/infrastructure/oauth.py,OAuthOperationResult,25,BaseModel,
ciris_engine,ciris_engine/schemas/infrastructure/oauth.py,OAuthLoginResult,33,BaseModel,
ciris_engine,ciris_engine/schemas/infrastructure/oauth.py,OAuthProviderList,41,BaseModel,
ciris_engine,ciris_engine/schemas/infrastructure/oauth.py,OAuthProviderDetails,46,BaseModel,
ciris_engine,ciris_engine/schemas/infrastructure/oauth.py,OAuthCallbackData,54,BaseModel,
ciris_engine,ciris_engine/schemas/infrastructure/oauth.py,OAuthTokenExchange,61,BaseModel,
ciris_engine,ciris_engine/schemas/infrastructure/oauth.py,OAuthTokenResponse,69,BaseModel,
ciris_engine,ciris_engine/schemas/infrastructure/oauth.py,OAuthUserInfo,77,BaseModel,
ciris_engine,ciris_engine/schemas/infrastructure/wa_cli_wizard.py,WizardResult,10,BaseModel,
ciris_engine,ciris_engine/schemas/infrastructure/wa_cli_wizard.py,RootCreationResult,20,WizardResult,
ciris_engine,ciris_engine/schemas/infrastructure/wa_cli_wizard.py,JoinRequestResult,25,WizardResult,
ciris_engine,ciris_engine/schemas/infrastructure/wa_cli_wizard.py,OAuthConfigResult,31,WizardResult,
ciris_engine,ciris_engine/schemas/infrastructure/wa_cli_wizard.py,OnboardingChoice,37,BaseModel,
ciris_engine,ciris_engine/schemas/infrastructure/feedback_loop.py,PatternType,11,str|Enum,
ciris_engine,ciris_engine/schemas/infrastructure/feedback_loop.py,PatternMetrics,19,BaseModel,
ciris_engine,ciris_engine/schemas/infrastructure/feedback_loop.py,DetectedPattern,29,BaseModel,
ciris_engine,ciris_engine/schemas/infrastructure/feedback_loop.py,AnalysisResult,39,BaseModel,
ciris_engine,ciris_engine/schemas/infrastructure/identity_variance.py,VarianceImpact,12,str|Enum,
ciris_engine,ciris_engine/schemas/infrastructure/identity_variance.py,IdentityDiff,19,BaseModel,
ciris_engine,ciris_engine/schemas/infrastructure/identity_variance.py,VarianceReport,28,BaseModel,
ciris_engine,ciris_engine/schemas/infrastructure/identity_variance.py,IdentitySnapshot,38,BaseModel,
ciris_engine,ciris_engine/schemas/infrastructure/identity_variance.py,VarianceAnalysis,54,BaseModel,
ciris_engine,ciris_engine/schemas/infrastructure/identity_variance.py,WAReviewRequest,64,BaseModel,
ciris_engine,ciris_engine/schemas/infrastructure/identity_variance.py,VarianceCheckMetadata,74,BaseModel,
ciris_engine,ciris_engine/schemas/runtime/extended.py,IdentityLineage,15,BaseModel,
ciris_engine,ciris_engine/schemas/runtime/extended.py,IdentityUpdateEntry,24,BaseModel,
ciris_engine,ciris_engine/schemas/runtime/extended.py,IdentityRoot,37,BaseModel,
ciris_engine,ciris_engine/schemas/runtime/extended.py,CreationCeremonyRequest,79,BaseModel,
ciris_engine,ciris_engine/schemas/runtime/extended.py,CreationCeremonyResponse,102,BaseModel,
ciris_engine,ciris_engine/schemas/runtime/extended.py,ScheduledTask,114,BaseModel,
ciris_engine,ciris_engine/schemas/runtime/extended.py,ScheduledTaskInfo,145,BaseModel,
ciris_engine,ciris_engine/schemas/runtime/extended.py,ShutdownContext,159,BaseModel,
ciris_engine,ciris_engine/schemas/runtime/extended.py,ConsciousnessPreservationMemory,179,BaseModel,
ciris_engine,ciris_engine/schemas/runtime/extended.py,IdentityEvolutionRequest,201,BaseModel,
ciris_engine,ciris_engine/schemas/runtime/extended.py,IdentityNodeType,213,str|Enum,
ciris_engine,ciris_engine/schemas/runtime/system_context.py,SystemSnapshot,10,BaseModel,
ciris_engine,ciris_engine/schemas/runtime/system_context.py,TaskSummary,129,BaseModel,
ciris_engine,ciris_engine/schemas/runtime/system_context.py,ThoughtContext,153,BaseModel,
ciris_engine,ciris_engine/schemas/runtime/system_context.py,UserProfile,180,BaseModel,
ciris_engine,ciris_engine/schemas/runtime/system_context.py,ChannelContext,203,BaseModel,
ciris_engine,ciris_engine/schemas/runtime/system_context.py,ResourceUsage,225,BaseModel,
ciris_engine,ciris_engine/schemas/runtime/system_context.py,AuditVerification,240,BaseModel,
ciris_engine,ciris_engine/schemas/runtime/system_context.py,ConscienceResult,254,BaseModel,
ciris_engine,ciris_engine/schemas/runtime/system_context.py,ThoughtSummary,270,BaseModel,
ciris_engine,ciris_engine/schemas/runtime/system_context.py,TelemetrySummary,281,BaseModel,
ciris_engine,ciris_engine/schemas/runtime/tools.py,ToolParameterSchema,10,BaseModel,
ciris_engine,ciris_engine/schemas/runtime/tools.py,ToolInfo,22,BaseModel,
ciris_engine,ciris_engine/schemas/runtime/tools.py,ToolExecutionRequest,50,BaseModel,
ciris_engine,ciris_engine/schemas/runtime/tools.py,ToolExecutionResult,63,BaseModel,
ciris_engine,ciris_engine/schemas/runtime/messages.py,IncomingMessage,10,BaseModel,
ciris_engine,ciris_engine/schemas/runtime/messages.py,DiscordMessage,27,IncomingMessage,
ciris_engine,ciris_engine/schemas/runtime/messages.py,FetchedMessage,38,BaseModel,
ciris_engine,ciris_engine/schemas/runtime/core.py,CoreProfile,11,BaseModel,
ciris_engine,ciris_engine/schemas/runtime/core.py,IdentityMetadata,52,BaseModel,
ciris_engine,ciris_engine/schemas/runtime/core.py,CapabilityDefinition,79,BaseModel,
ciris_engine,ciris_engine/schemas/runtime/core.py,AgentIdentityRoot,110,BaseModel,
ciris_engine,ciris_engine/schemas/runtime/core.py,IdentityUpdate,157,BaseModel,
ciris_engine,ciris_engine/schemas/runtime/core.py,IdentityValidation,178,BaseModel,
ciris_engine,ciris_engine/schemas/runtime/core.py,IdentitySnapshot,203,BaseModel,
ciris_engine,ciris_engine/schemas/runtime/processing_context.py,ProcessingThoughtContext,14,BaseModel,
ciris_engine,ciris_engine/schemas/runtime/resources.py,ResourceUsage,10,BaseModel,
ciris_engine,ciris_engine/schemas/runtime/models.py,TaskContext,13,BaseModel,
ciris_engine,ciris_engine/schemas/runtime/models.py,TaskOutcome,22,BaseModel,
ciris_engine,ciris_engine/schemas/runtime/models.py,ThoughtContext,32,BaseModel,
ciris_engine,ciris_engine/schemas/runtime/models.py,FinalAction,43,BaseModel,
ciris_engine,ciris_engine/schemas/runtime/models.py,Task,52,BaseModel,
ciris_engine,ciris_engine/schemas/runtime/models.py,Thought,71,BaseModel,
ciris_engine,ciris_engine/schemas/runtime/enums.py,CaseInsensitiveEnum,8,str|Enum,
ciris_engine,ciris_engine/schemas/runtime/enums.py,ServiceType,19,CaseInsensitiveEnum,
ciris_engine,ciris_engine/schemas/runtime/enums.py,HandlerActionType,42,CaseInsensitiveEnum,
ciris_engine,ciris_engine/schemas/runtime/enums.py,TaskStatus,62,CaseInsensitiveEnum,
ciris_engine,ciris_engine/schemas/runtime/enums.py,ThoughtStatus,71,CaseInsensitiveEnum,
ciris_engine,ciris_engine/schemas/runtime/enums.py,ThoughtType,79,CaseInsensitiveEnum,
ciris_engine,ciris_engine/schemas/runtime/enums.py,SensitivityLevel,121,CaseInsensitiveEnum,
ciris_engine,ciris_engine/schemas/runtime/enums.py,ObservationSourceType,128,CaseInsensitiveEnum,
ciris_engine,ciris_engine/schemas/runtime/contexts.py,DispatchContext,16,BaseModel,
ciris_engine,ciris_engine/schemas/runtime/audit.py,ActionContext,11,BaseModel,
ciris_engine,ciris_engine/schemas/runtime/audit.py,ConscienceCheckResult,21,BaseModel,
ciris_engine,ciris_engine/schemas/runtime/audit.py,AuditEntry,30,BaseModel,
ciris_engine,ciris_engine/schemas/runtime/protocols_core.py,LLMStatus,11,BaseModel,
ciris_engine,ciris_engine/schemas/runtime/protocols_core.py,NetworkQueryRequest,24,BaseModel,
ciris_engine,ciris_engine/schemas/runtime/protocols_core.py,MetricDataPoint,32,BaseModel,
ciris_engine,ciris_engine/schemas/runtime/protocols_core.py,ServiceStatus,42,BaseModel,
ciris_engine,ciris_engine/schemas/runtime/protocols_core.py,ResourceLimits,52,BaseModel,
ciris_engine,ciris_engine/schemas/runtime/protocols_core.py,ConfigValue,62,BaseModel,
ciris_engine,ciris_engine/schemas/runtime/protocols_core.py,SecretInfo,73,BaseModel,
ciris_engine,ciris_engine/schemas/runtime/protocols_core.py,SecretsServiceStats,86,BaseModel,
ciris_engine,ciris_engine/schemas/runtime/memory.py,MemorySearchResult,11,BaseModel,
ciris_engine,ciris_engine/schemas/runtime/memory.py,TimeSeriesDataPoint,22,BaseModel,
ciris_engine,ciris_engine/schemas/runtime/memory.py,IdentityUpdateRequest,33,BaseModel,
ciris_engine,ciris_engine/schemas/runtime/memory.py,EnvironmentUpdateRequest,42,BaseModel,
ciris_engine,ciris_engine/schemas/runtime/adapter_management.py,AdapterConfig,10,BaseModel,
ciris_engine,ciris_engine/schemas/runtime/adapter_management.py,AdapterLoadRequest,16,BaseModel,
ciris_engine,ciris_engine/schemas/runtime/adapter_management.py,AdapterOperationResult,23,BaseModel,
ciris_engine,ciris_engine/schemas/runtime/adapter_management.py,AdapterStatus,32,BaseModel,
ciris_engine,ciris_engine/schemas/runtime/adapter_management.py,AdapterListResponse,43,BaseModel,
ciris_engine,ciris_engine/schemas/runtime/adapter_management.py,ServiceRegistrationInfo,49,BaseModel,
ciris_engine,ciris_engine/schemas/runtime/adapter_management.py,AdapterMetrics,56,BaseModel,
ciris_engine,ciris_engine/schemas/adapters/graphql_core.py,GraphQLVariable,11,BaseModel,
ciris_engine,ciris_engine/schemas/adapters/graphql_core.py,GraphQLQuery,16,BaseModel,
ciris_engine,ciris_engine/schemas/adapters/graphql_core.py,GraphQLUser,24,BaseModel,
ciris_engine,ciris_engine/schemas/adapters/graphql_core.py,UserQueryVariables,32,GraphQLVariable,
ciris_engine,ciris_engine/schemas/adapters/graphql_core.py,UserQueryResponse,38,BaseModel,
ciris_engine,ciris_engine/schemas/adapters/graphql_core.py,GraphQLError,44,BaseModel,
ciris_engine,ciris_engine/schemas/adapters/graphql_core.py,GraphQLResponse,52,BaseModel,
ciris_engine,ciris_engine/schemas/adapters/graphql_core.py,UserAttribute,60,BaseModel,
ciris_engine,ciris_engine/schemas/adapters/graphql_core.py,UserProfile,68,BaseModel,
ciris_engine,ciris_engine/schemas/adapters/graphql_core.py,EnrichedContext,79,BaseModel,
ciris_engine,ciris_engine/schemas/adapters/graphql_core.py,GraphQLMutation,87,BaseModel,
ciris_engine,ciris_engine/schemas/adapters/graphql_core.py,GraphQLSubscription,95,BaseModel,
ciris_engine,ciris_engine/schemas/adapters/cirisnode.py,SimpleBenchRequest,12,BaseModel,
ciris_engine,ciris_engine/schemas/adapters/cirisnode.py,SimpleBenchResult,17,BaseModel,
ciris_engine,ciris_engine/schemas/adapters/cirisnode.py,HE300Request,27,BaseModel,
ciris_engine,ciris_engine/schemas/adapters/cirisnode.py,HE300Result,32,BaseModel,
ciris_engine,ciris_engine/schemas/adapters/cirisnode.py,ChaosTestRequest,44,BaseModel,
ciris_engine,ciris_engine/schemas/adapters/cirisnode.py,ChaosTestResult,49,BaseModel,
ciris_engine,ciris_engine/schemas/adapters/cirisnode.py,WAServiceRequest,58,BaseModel,
ciris_engine,ciris_engine/schemas/adapters/cirisnode.py,WAServiceResponse,64,BaseModel,
ciris_engine,ciris_engine/schemas/adapters/cirisnode.py,EventLogRequest,73,BaseModel,
ciris_engine,ciris_engine/schemas/adapters/cirisnode.py,EventLogResponse,80,BaseModel,
ciris_engine,ciris_engine/schemas/adapters/cirisnode.py,EventQueryRequest,87,BaseModel,
ciris_engine,ciris_engine/schemas/adapters/cirisnode.py,EventQueryResult,95,BaseModel,
ciris_engine,ciris_engine/schemas/adapters/cirisnode.py,AssessmentSubmission,104,BaseModel,
ciris_engine,ciris_engine/schemas/adapters/cirisnode.py,AssessmentResult,110,BaseModel,
ciris_engine,ciris_engine/schemas/adapters/core.py,MessageRequest,14,BaseModel,
ciris_engine,ciris_engine/schemas/adapters/core.py,MessageResponse,23,BaseModel,
ciris_engine,ciris_engine/schemas/adapters/core.py,MessageListResponse,35,BaseModel,
ciris_engine,ciris_engine/schemas/adapters/core.py,ServiceProvider,43,BaseModel,
ciris_engine,ciris_engine/schemas/adapters/core.py,ServiceTypeInfo,53,BaseModel,
ciris_engine,ciris_engine/schemas/adapters/core.py,ServicesResponse,61,BaseModel,
ciris_engine,ciris_engine/schemas/adapters/core.py,RuntimeStatus,68,BaseModel,
ciris_engine,ciris_engine/schemas/adapters/core.py,RuntimeMetrics,77,BaseModel,
ciris_engine,ciris_engine/schemas/adapters/core.py,RuntimeStatusResponse,86,BaseModel,
ciris_engine,ciris_engine/schemas/adapters/core.py,HealthResponse,94,BaseModel,
ciris_engine,ciris_engine/schemas/adapters/core.py,ErrorResponse,104,BaseModel,
ciris_engine,ciris_engine/schemas/adapters/core.py,ChannelInfo,113,BaseModel,
ciris_engine,ciris_engine/schemas/adapters/core.py,AgentIdentity,124,BaseModel,
ciris_engine,ciris_engine/schemas/adapters/core.py,MessageProcessorMetrics,133,BaseModel,
ciris_engine,ciris_engine/schemas/adapters/core.py,AgentStatus,141,BaseModel,
ciris_engine,ciris_engine/schemas/adapters/core.py,ChannelListResponse,151,BaseModel,
ciris_engine,ciris_engine/schemas/adapters/cli_tools.py,ToolParameters,10,BaseModel,
ciris_engine,ciris_engine/schemas/adapters/cli_tools.py,ListFilesParams,15,ToolParameters,
ciris_engine,ciris_engine/schemas/adapters/cli_tools.py,ListFilesResult,19,BaseModel,
ciris_engine,ciris_engine/schemas/adapters/cli_tools.py,ReadFileParams,25,ToolParameters,
ciris_engine,ciris_engine/schemas/adapters/cli_tools.py,ReadFileResult,29,BaseModel,
ciris_engine,ciris_engine/schemas/adapters/cli_tools.py,WriteFileParams,35,ToolParameters,
ciris_engine,ciris_engine/schemas/adapters/cli_tools.py,WriteFileResult,40,BaseModel,
ciris_engine,ciris_engine/schemas/adapters/cli_tools.py,ShellCommandParams,46,ToolParameters,
ciris_engine,ciris_engine/schemas/adapters/cli_tools.py,ShellCommandResult,51,BaseModel,
ciris_engine,ciris_engine/schemas/adapters/cli_tools.py,SearchMatch,58,BaseModel,
ciris_engine,ciris_engine/schemas/adapters/cli_tools.py,SearchTextParams,63,ToolParameters,
ciris_engine,ciris_engine/schemas/adapters/cli_tools.py,SearchTextResult,68,BaseModel,
ciris_engine,ciris_engine/schemas/adapters/cli_tools.py,ToolResult,73,BaseModel,
ciris_engine,ciris_engine/schemas/adapters/registration.py,AdapterServiceRegistration,17,,dataclass
ciris_engine,ciris_engine/schemas/adapters/cli.py,CLIMessage,10,BaseModel,
ciris_engine,ciris_engine/schemas/adapters/cli.py,CLIToolParameters,17,BaseModel,
ciris_engine,ciris_engine/schemas/adapters/cli.py,ListFilesToolParams,21,CLIToolParameters,
ciris_engine,ciris_engine/schemas/adapters/cli.py,ListFilesToolResult,25,BaseModel,
ciris_engine,ciris_engine/schemas/adapters/cli.py,ReadFileToolParams,31,CLIToolParameters,
ciris_engine,ciris_engine/schemas/adapters/cli.py,ReadFileToolResult,36,BaseModel,
ciris_engine,ciris_engine/schemas/adapters/cli.py,WriteFileToolParams,42,CLIToolParameters,
ciris_engine,ciris_engine/schemas/adapters/cli.py,WriteFileToolResult,48,BaseModel,
ciris_engine,ciris_engine/schemas/adapters/cli.py,SystemInfoToolResult,54,BaseModel,
ciris_engine,ciris_engine/schemas/adapters/cli.py,CLIGuidanceRequest,62,BaseModel,
ciris_engine,ciris_engine/schemas/adapters/cli.py,CLIDeferralDisplay,69,BaseModel,
ciris_engine,ciris_engine/schemas/adapters/cli.py,CLICorrelationData,77,BaseModel,
ciris_engine,ciris_engine/schemas/processors/base.py,ProcessorMetrics,11,BaseModel,
ciris_engine,ciris_engine/schemas/processors/base.py,ProcessingResult,22,BaseModel,
ciris_engine,ciris_engine/schemas/processors/base.py,ProcessorServices,32,BaseModel,
ciris_engine,ciris_engine/schemas/processors/base.py,ProcessorContext,41,BaseModel,
ciris_engine,ciris_engine/schemas/processors/base.py,MetricsUpdate,49,BaseModel,
ciris_engine,ciris_engine/schemas/processors/main.py,ProcessorServices,13,BaseModel,
ciris_engine,ciris_engine/schemas/processors/main.py,ProcessingRoundResult,24,BaseModel,
ciris_engine,ciris_engine/schemas/processors/main.py,ProcessingStatus,37,BaseModel,
ciris_engine,ciris_engine/schemas/processors/main.py,PreloadTask,48,BaseModel,
ciris_engine,ciris_engine/schemas/processors/main.py,StateTransitionResult,55,BaseModel,
ciris_engine,ciris_engine/schemas/processors/main.py,ProcessorMetrics,64,BaseModel,
ciris_engine,ciris_engine/schemas/processors/main.py,GlobalProcessingMetrics,73,BaseModel,
ciris_engine,ciris_engine/schemas/processors/main.py,ShutdownRequest,82,BaseModel,
ciris_engine,ciris_engine/schemas/processors/core.py,DMAResults,23,BaseModel,
ciris_engine,ciris_engine/schemas/processors/core.py,ConscienceResult,32,BaseModel,
ciris_engine,ciris_engine/schemas/processors/core.py,ProcessedThoughtResult,42,BaseModel,
ciris_engine,ciris_engine/schemas/processors/core.py,ThoughtProcessingMetrics,70,BaseModel,
ciris_engine,ciris_engine/schemas/processors/core.py,ProcessingError,80,BaseModel,
ciris_engine,ciris_engine/schemas/processors/dma.py,DMAContext,15,BaseModel,
ciris_engine,ciris_engine/schemas/processors/dma.py,InitialDMAResults,23,BaseModel,
ciris_engine,ciris_engine/schemas/processors/dma.py,DMAError,29,BaseModel,
ciris_engine,ciris_engine/schemas/processors/dma.py,DMAErrors,36,BaseModel,
ciris_engine,ciris_engine/schemas/processors/dma.py,ActionSelectionContext,57,BaseModel,
ciris_engine,ciris_engine/schemas/processors/dma.py,CircuitBreakerStatus,67,BaseModel,
ciris_engine,ciris_engine/schemas/processors/dma.py,DMAOrchestratorStatus,75,BaseModel,
ciris_engine,ciris_engine/schemas/processors/states.py,AgentState,8,str|Enum,
ciris_engine,ciris_engine/schemas/processors/solitude.py,ReflectionData,10,BaseModel,
ciris_engine,ciris_engine/schemas/processors/solitude.py,SolitudeProcessingResult,17,BaseModel,
ciris_engine,ciris_engine/schemas/processors/solitude.py,MaintenanceResult,28,BaseModel,
ciris_engine,ciris_engine/schemas/processors/solitude.py,TaskTypePattern,35,BaseModel,
ciris_engine,ciris_engine/schemas/processors/solitude.py,ReflectionResult,41,BaseModel,
ciris_engine,ciris_engine/schemas/processors/solitude.py,ExitConditions,48,BaseModel,
ciris_engine,ciris_engine/schemas/processors/solitude.py,TaskTypeStats,56,BaseModel,
ciris_engine,ciris_engine/schemas/processors/status.py,SolitudeStats,13,BaseModel,
ciris_engine,ciris_engine/schemas/processors/status.py,ProcessorInfo,20,BaseModel,
ciris_engine,ciris_engine/schemas/processors/results.py,WakeupResult,11,BaseModel,
ciris_engine,ciris_engine/schemas/processors/results.py,WorkResult,19,BaseModel,
ciris_engine,ciris_engine/schemas/processors/results.py,PlayResult,27,BaseModel,
ciris_engine,ciris_engine/schemas/processors/results.py,SolitudeResult,34,BaseModel,
ciris_engine,ciris_engine/schemas/processors/results.py,DreamResult,41,BaseModel,
ciris_engine,ciris_engine/schemas/processors/results.py,ShutdownResult,48,BaseModel,
ciris_engine,ciris_engine/schemas/processors/cognitive.py,WakeupState,12,BaseModel,
ciris_engine,ciris_engine/schemas/processors/cognitive.py,WorkState,22,BaseModel,
ciris_engine,ciris_engine/schemas/processors/cognitive.py,PlayState,31,BaseModel,
ciris_engine,ciris_engine/schemas/processors/cognitive.py,SolitudeState,39,BaseModel,
ciris_engine,ciris_engine/schemas/processors/cognitive.py,DreamState,47,BaseModel,
ciris_engine,ciris_engine/schemas/processors/cognitive.py,ShutdownState,58,BaseModel,
ciris_engine,ciris_engine/schemas/telemetry/core.py,ServiceCorrelationStatus,17,str|Enum,
ciris_engine,ciris_engine/schemas/telemetry/core.py,CorrelationType,23,str|Enum,
ciris_engine,ciris_engine/schemas/telemetry/core.py,ServiceRequestData,36,BaseModel,
ciris_engine,ciris_engine/schemas/telemetry/core.py,ServiceResponseData,58,BaseModel,
ciris_engine,ciris_engine/schemas/telemetry/core.py,TraceContext,82,BaseModel,
ciris_engine,ciris_engine/schemas/telemetry/core.py,MetricData,100,BaseModel,
ciris_engine,ciris_engine/schemas/telemetry/core.py,LogData,126,BaseModel,
ciris_engine,ciris_engine/schemas/telemetry/core.py,ServiceCorrelation,145,BaseModel,
ciris_engine,ciris_engine/schemas/telemetry/core.py,CorrelationQuery,198,BaseModel,
ciris_engine,ciris_engine/schemas/telemetry/core.py,CorrelationSummary,232,BaseModel,
ciris_engine,ciris_engine/schemas/telemetry/collector.py,HealthDetails,10,BaseModel,
ciris_engine,ciris_engine/schemas/telemetry/collector.py,HealthStatus,17,BaseModel,
ciris_engine,ciris_engine/schemas/telemetry/collector.py,MetricEntry,22,BaseModel,
ciris_engine,ciris_engine/schemas/telemetry/collector.py,ProcessorStateSnapshot,28,BaseModel,
ciris_engine,ciris_engine/schemas/telemetry/collector.py,SingleStepResult,34,BaseModel,
ciris_engine,ciris_engine/schemas/telemetry/collector.py,ProcessingQueueStatus,46,BaseModel,
ciris_engine,ciris_engine/schemas/conscience/core.py,ConscienceStatus,13,str|Enum,
ciris_engine,ciris_engine/schemas/conscience/core.py,EntropyCheckResult,19,BaseModel,
ciris_engine,ciris_engine/schemas/conscience/core.py,CoherenceCheckResult,28,BaseModel,
ciris_engine,ciris_engine/schemas/conscience/core.py,OptimizationVetoResult,37,BaseModel,
ciris_engine,ciris_engine/schemas/conscience/core.py,EpistemicHumilityResult,47,BaseModel,
ciris_engine,ciris_engine/schemas/conscience/core.py,EpistemicData,56,BaseModel,
ciris_engine,ciris_engine/schemas/conscience/core.py,ConscienceCheckResult,65,BaseModel,
ciris_engine,ciris_engine/schemas/conscience/results.py,ConscienceResult,11,BaseModel,
ciris_engine,ciris_engine/schemas/audit/hash_chain.py,AuditEntry,10,BaseModel,
ciris_engine,ciris_engine/schemas/audit/hash_chain.py,ChainVerificationResult,22,BaseModel,
ciris_engine,ciris_engine/schemas/audit/hash_chain.py,ChainSummary,30,BaseModel,
ciris_engine,ciris_engine/schemas/audit/core.py,AuditEventType,13,str|Enum,
ciris_engine,ciris_engine/schemas/audit/core.py,EventOutcome,34,str|Enum,
ciris_engine,ciris_engine/schemas/audit/core.py,EventPayload,41,BaseModel,
ciris_engine,ciris_engine/schemas/audit/core.py,AuditEvent,55,BaseModel,
ciris_engine,ciris_engine/schemas/audit/core.py,AuditLogEntry,67,BaseModel,
ciris_engine,ciris_engine/schemas/audit/core.py,AuditSummary,89,BaseModel,
ciris_engine,ciris_engine/schemas/audit/core.py,AuditQuery,103,BaseModel,
ciris_engine,ciris_engine/schemas/audit/verification.py,ChainVerificationResult,11,BaseModel,
ciris_engine,ciris_engine/schemas/audit/verification.py,SignatureVerificationResult,18,BaseModel,
ciris_engine,ciris_engine/schemas/audit/verification.py,CompleteVerificationResult,26,BaseModel,
ciris_engine,ciris_engine/schemas/audit/verification.py,EntryVerificationResult,39,BaseModel,
ciris_engine,ciris_engine/schemas/audit/verification.py,RangeVerificationResult,49,BaseModel,
ciris_engine,ciris_engine/schemas/audit/verification.py,ChainSummary,60,BaseModel,
ciris_engine,ciris_engine/schemas/audit/verification.py,VerificationReport,72,BaseModel,
ciris_engine,ciris_engine/schemas/audit/verification.py,RootAnchorVerificationResult,82,BaseModel,
ciris_engine,ciris_engine/schemas/config/essential.py,DatabaseConfig,11,BaseModel,
ciris_engine,ciris_engine/schemas/config/essential.py,ServiceEndpointsConfig,28,BaseModel,
ciris_engine,ciris_engine/schemas/config/essential.py,SecurityConfig,49,BaseModel,
ciris_engine,ciris_engine/schemas/config/essential.py,OperationalLimitsConfig,74,BaseModel,
ciris_engine,ciris_engine/schemas/config/essential.py,TelemetryConfig,107,BaseModel,
ciris_engine,ciris_engine/schemas/config/essential.py,WorkflowConfig,124,BaseModel,
ciris_engine,ciris_engine/schemas/config/essential.py,EssentialConfig,141,BaseModel,
ciris_engine,ciris_engine/schemas/config/essential.py,CIRISNodeConfig,189,BaseModel,
ciris_engine,ciris_engine/schemas/config/agent.py,AgentTemplate,9,BaseModel,
ciris_engine,ciris_engine/schemas/dma/core.py,DMAInputData,15,BaseModel,
ciris_engine,ciris_engine/schemas/dma/core.py,DMAContext,104,BaseModel,
ciris_engine,ciris_engine/schemas/dma/core.py,DMADecision,139,BaseModel,
ciris_engine,ciris_engine/schemas/dma/core.py,PrincipleEvaluation,153,BaseModel,
ciris_engine,ciris_engine/schemas/dma/core.py,CommonSenseEvaluation,166,BaseModel,
ciris_engine,ciris_engine/schemas/dma/core.py,DomainEvaluation,178,BaseModel,
ciris_engine,ciris_engine/schemas/dma/core.py,RecursiveReasoning,192,BaseModel,
ciris_engine,ciris_engine/schemas/dma/decisions.py,PDMADecision,11,BaseModel,
ciris_engine,ciris_engine/schemas/dma/decisions.py,CSDMADecision,21,BaseModel,
ciris_engine,ciris_engine/schemas/dma/decisions.py,DSDMADecision,31,BaseModel,
ciris_engine,ciris_engine/schemas/dma/decisions.py,ActionSelectionDecision,41,BaseModel,
ciris_engine,ciris_engine/schemas/dma/results.py,EthicalDMAResult,16,BaseModel,
ciris_engine,ciris_engine/schemas/dma/results.py,CSDMAResult,24,BaseModel,
ciris_engine,ciris_engine/schemas/dma/results.py,DSDMAResult,32,BaseModel,
ciris_engine,ciris_engine/schemas/dma/results.py,ActionSelectionDMAResult,41,BaseModel,
ciris_engine,ciris_engine/schemas/secrets/core.py,SecretType,15,str|Enum,
ciris_engine,ciris_engine/schemas/secrets/core.py,SecretRecord,30,BaseModel,
ciris_engine,ciris_engine/schemas/secrets/core.py,SecretReference,56,BaseModel,
ciris_engine,ciris_engine/schemas/secrets/core.py,SecretAccessLog,69,BaseModel,
ciris_engine,ciris_engine/schemas/secrets/core.py,DetectedSecret,85,BaseModel,
ciris_engine,ciris_engine/schemas/secrets/core.py,SecretsFilterResult,97,BaseModel,
ciris_engine,ciris_engine/schemas/secrets/core.py,RecallSecretParams,106,BaseModel,
ciris_engine,ciris_engine/schemas/secrets/core.py,SecretPattern,114,BaseModel,
ciris_engine,ciris_engine/schemas/secrets/core.py,SecretsDetectionConfig,150,BaseModel,
ciris_engine,ciris_engine/schemas/secrets/core.py,UpdateSecretsFilterParams,160,BaseModel,
ciris_engine,ciris_engine/schemas/secrets/core.py,SecretStorageConfig,173,BaseModel,
ciris_engine,ciris_engine/schemas/secrets/core.py,SecretMetrics,183,BaseModel,
ciris_engine,ciris_engine/schemas/secrets/service.py,SecretRecallResult,11,BaseModel,
ciris_engine,ciris_engine/schemas/secrets/service.py,DecapsulationContext,19,BaseModel,
ciris_engine,ciris_engine/schemas/secrets/service.py,PatternConfig,27,BaseModel,
ciris_engine,ciris_engine/schemas/secrets/service.py,SensitivityConfig,36,BaseModel,
ciris_engine,ciris_engine/schemas/secrets/service.py,FilterStats,44,BaseModel,
ciris_engine,ciris_engine/schemas/secrets/service.py,FilterUpdateRequest,51,BaseModel,
ciris_engine,ciris_engine/schemas/secrets/service.py,FilterUpdateResult,58,BaseModel,
ciris_engine,ciris_engine/schemas/secrets/filter.py,PatternStats,10,BaseModel,
ciris_engine,ciris_engine/schemas/secrets/filter.py,ConfigExport,19,BaseModel,
ciris_engine,ciris_engine/schemas/secrets/filter.py,FilterConfigUpdate,30,BaseModel,
ciris_engine,ciris_engine/schemas/secrets/filter.py,SecretsFilterResult,36,BaseModel,
ciris_engine,ciris_engine/schemas/registries/base.py,ServiceMetadata,10,BaseModel,
ciris_engine,ciris_engine/schemas/registries/base.py,ProviderInfo,17,BaseModel,
ciris_engine,ciris_engine/schemas/registries/base.py,ServiceTypeInfo,27,BaseModel,
ciris_engine,ciris_engine/schemas/registries/base.py,HandlerInfo,31,BaseModel,
ciris_engine,ciris_engine/schemas/registries/base.py,CircuitBreakerStats,35,BaseModel,
ciris_engine,ciris_engine/schemas/registries/base.py,RegistryInfo,43,BaseModel,
ciris_engine,ciris_engine/schemas/actions/parameters.py,ObserveParams,19,BaseModel,
ciris_engine,ciris_engine/schemas/actions/parameters.py,SpeakParams,27,BaseModel,
ciris_engine,ciris_engine/schemas/actions/parameters.py,ToolParams,34,BaseModel,
ciris_engine,ciris_engine/schemas/actions/parameters.py,PonderParams,41,BaseModel,
ciris_engine,ciris_engine/schemas/actions/parameters.py,RejectParams,47,BaseModel,
ciris_engine,ciris_engine/schemas/actions/parameters.py,DeferParams,57,BaseModel,
ciris_engine,ciris_engine/schemas/actions/parameters.py,MemorizeParams,68,BaseModel,
ciris_engine,ciris_engine/schemas/actions/parameters.py,RecallParams,78,BaseModel,
ciris_engine,ciris_engine/schemas/actions/parameters.py,ForgetParams,88,BaseModel,
ciris_engine,ciris_engine/schemas/actions/parameters.py,TaskCompleteParams,100,BaseModel,
ciris_engine,ciris_engine/schemas/services/graph_typed_nodes.py,TypedGraphNode,16,GraphNode|ABC,
ciris_engine,ciris_engine/schemas/services/graph_typed_nodes.py,NodeTypeRegistry,92,,
ciris_engine,ciris_engine/schemas/services/resources_core.py,ResourceAction,13,str|Enum,
ciris_engine,ciris_engine/schemas/services/resources_core.py,ResourceLimit,22,BaseModel,
ciris_engine,ciris_engine/schemas/services/resources_core.py,ResourceBudget,50,BaseModel,
ciris_engine,ciris_engine/schemas/services/resources_core.py,ResourceSnapshot,79,BaseModel,
ciris_engine,ciris_engine/schemas/services/resources_core.py,ResourceCost,97,BaseModel,
ciris_engine,ciris_engine/schemas/services/resources_core.py,ResourceUsageMetrics,157,BaseModel,
ciris_engine,ciris_engine/schemas/services/resources_core.py,ResourceAlert,189,BaseModel,
ciris_engine,ciris_engine/schemas/services/tools.py,ToolParameterType,12,str|Enum,
ciris_engine,ciris_engine/schemas/services/tools.py,ToolParameter,21,BaseModel,
ciris_engine,ciris_engine/schemas/services/tools.py,ToolRateLimits,33,BaseModel,
ciris_engine,ciris_engine/schemas/services/tools.py,ToolInfo,40,BaseModel,
ciris_engine,ciris_engine/schemas/services/tools.py,ToolExecutionResult,53,BaseModel,
ciris_engine,ciris_engine/schemas/services/nodes.py,AuditEntryContext,15,BaseModel,
ciris_engine,ciris_engine/schemas/services/nodes.py,AuditEntry,24,TypedGraphNode,register_node_type
ciris_engine,ciris_engine/schemas/services/nodes.py,ConfigValue,120,BaseModel,
ciris_engine,ciris_engine/schemas/services/nodes.py,ConfigNode,138,TypedGraphNode,register_node_type
ciris_engine,ciris_engine/schemas/services/nodes.py,IdentitySnapshot,215,TypedGraphNode,register_node_type
ciris_engine,ciris_engine/schemas/services/nodes.py,TSDBSummary,314,TypedGraphNode,register_node_type
ciris_engine,ciris_engine/schemas/services/nodes.py,IdentityNode,418,TypedGraphNode,register_node_type
ciris_engine,ciris_engine/schemas/services/visibility.py,VisibilitySnapshot,17,BaseModel,
ciris_engine,ciris_engine/schemas/services/visibility.py,ThoughtStep,33,BaseModel,
ciris_engine,ciris_engine/schemas/services/visibility.py,ReasoningTrace,40,BaseModel,
ciris_engine,ciris_engine/schemas/services/visibility.py,DecisionRecord,54,BaseModel,
ciris_engine,ciris_engine/schemas/services/visibility.py,TaskDecisionHistory,71,BaseModel,
ciris_engine,ciris_engine/schemas/services/community_core.py,SchemaVersion,12,str|Enum,
ciris_engine,ciris_engine/schemas/services/community_core.py,CommunityHealth,16,BaseModel,
ciris_engine,ciris_engine/schemas/services/community_core.py,CommunityValue,25,BaseModel,
ciris_engine,ciris_engine/schemas/services/community_core.py,MinimalCommunityContext,32,BaseModel,
ciris_engine,ciris_engine/schemas/services/community_core.py,CommunityMember,43,BaseModel,
ciris_engine,ciris_engine/schemas/services/community_core.py,CommunityEvent,52,BaseModel,
ciris_engine,ciris_engine/schemas/services/community_core.py,CommunitySnapshot,62,BaseModel,
ciris_engine,ciris_engine/schemas/services/feedback_core.py,FeedbackType,13,str|Enum,
ciris_engine,ciris_engine/schemas/services/feedback_core.py,FeedbackSource,22,str|Enum,
ciris_engine,ciris_engine/schemas/services/feedback_core.py,FeedbackDirective,29,BaseModel,
ciris_engine,ciris_engine/schemas/services/feedback_core.py,WiseAuthorityFeedback,38,BaseModel,
ciris_engine,ciris_engine/schemas/services/feedback_core.py,FeedbackMapping,73,BaseModel,
ciris_engine,ciris_engine/schemas/services/feedback_core.py,FeedbackProcessingRequest,91,BaseModel,
ciris_engine,ciris_engine/schemas/services/feedback_core.py,FeedbackProcessingResult,99,BaseModel,
ciris_engine,ciris_engine/schemas/services/operations.py,InitializationPhase,14,str|Enum,
ciris_engine,ciris_engine/schemas/services/operations.py,InitializationStatus,25,str|Enum,
ciris_engine,ciris_engine/schemas/services/operations.py,MemoryOpStatus,33,CaseInsensitiveEnum,
ciris_engine,ciris_engine/schemas/services/operations.py,MemoryOpAction,43,str|Enum,
ciris_engine,ciris_engine/schemas/services/operations.py,MemoryOpResult,49,BaseModel,
ciris_engine,ciris_engine/schemas/services/operations.py,MemoryQuery,58,BaseModel,
ciris_engine,ciris_engine/schemas/services/operations.py,MemoryRecallResult,68,BaseModel,
ciris_engine,ciris_engine/schemas/services/metadata.py,ServiceMetadata,13,BaseModel,
ciris_engine,ciris_engine/schemas/services/authority_core.py,WARole,12,str|Enum,
ciris_engine,ciris_engine/schemas/services/authority_core.py,TokenType,18,str|Enum,
ciris_engine,ciris_engine/schemas/services/authority_core.py,JWTSubType,24,str|Enum,
ciris_engine,ciris_engine/schemas/services/authority_core.py,WACertificate,31,BaseModel,
ciris_engine,ciris_engine/schemas/services/authority_core.py,ChannelIdentity,91,BaseModel,
ciris_engine,ciris_engine/schemas/services/authority_core.py,AuthorizationContext,101,BaseModel,
ciris_engine,ciris_engine/schemas/services/authority_core.py,WACertificateRequest,114,BaseModel,
ciris_engine,ciris_engine/schemas/services/authority_core.py,WAToken,130,BaseModel,
ciris_engine,ciris_engine/schemas/services/authority_core.py,WAAuthRequest,140,BaseModel,
ciris_engine,ciris_engine/schemas/services/authority_core.py,WAAuthResponse,151,BaseModel,
ciris_engine,ciris_engine/schemas/services/authority_core.py,WARoleMintRequest,160,BaseModel,
ciris_engine,ciris_engine/schemas/services/authority_core.py,DeferralRequest,171,BaseModel,
ciris_engine,ciris_engine/schemas/services/authority_core.py,DeferralResponse,181,BaseModel,
ciris_engine,ciris_engine/schemas/services/authority_core.py,GuidanceRequest,191,BaseModel,
ciris_engine,ciris_engine/schemas/services/authority_core.py,GuidanceResponse,200,BaseModel,
ciris_engine,ciris_engine/schemas/services/authority_core.py,DeferralApprovalContext,210,BaseModel,
ciris_engine,ciris_engine/schemas/services/authority_core.py,WAPermission,222,BaseModel,
ciris_engine,ciris_engine/schemas/services/filters_core.py,FilterPriority,14,str|Enum,
ciris_engine,ciris_engine/schemas/services/filters_core.py,TriggerType,22,str|Enum,
ciris_engine,ciris_engine/schemas/services/filters_core.py,FilterTrigger,31,BaseModel,
ciris_engine,ciris_engine/schemas/services/filters_core.py,UserTrustProfile,56,BaseModel,
ciris_engine,ciris_engine/schemas/services/filters_core.py,ConversationHealth,74,BaseModel,
ciris_engine,ciris_engine/schemas/services/filters_core.py,ContextHint,93,BaseModel,
ciris_engine,ciris_engine/schemas/services/filters_core.py,FilterResult,101,BaseModel,
ciris_engine,ciris_engine/schemas/services/filters_core.py,ChannelConfig,116,BaseModel,
ciris_engine,ciris_engine/schemas/services/filters_core.py,AdaptiveFilterConfig,125,BaseModel,
ciris_engine,ciris_engine/schemas/services/filters_core.py,PriorityStats,162,BaseModel,
ciris_engine,ciris_engine/schemas/services/filters_core.py,TriggerStats,170,BaseModel,
ciris_engine,ciris_engine/schemas/services/filters_core.py,FilterStats,178,BaseModel,
ciris_engine,ciris_engine/schemas/services/filters_core.py,FilterHealth,190,BaseModel,
ciris_engine,ciris_engine/schemas/services/discord_nodes.py,DiscordDeferralNode,11,TypedGraphNode,register_node_type
ciris_engine,ciris_engine/schemas/services/discord_nodes.py,DiscordApprovalNode,37,TypedGraphNode,register_node_type
ciris_engine,ciris_engine/schemas/services/discord_nodes.py,DiscordWANode,67,TypedGraphNode,register_node_type
ciris_engine,ciris_engine/schemas/services/context.py,GuidanceContext,11,BaseModel,
ciris_engine,ciris_engine/schemas/services/context.py,DeferralContext,28,BaseModel,
ciris_engine,ciris_engine/schemas/services/context.py,ApprovalContext,43,BaseModel,
ciris_engine,ciris_engine/schemas/services/context.py,WADecision,67,BaseModel,
ciris_engine,ciris_engine/schemas/services/context.py,WAInteractionLog,98,BaseModel,
ciris_engine,ciris_engine/schemas/services/llm.py,CircuitBreakerStats,10,BaseModel,
ciris_engine,ciris_engine/schemas/services/llm.py,LLMHealthResponse,20,BaseModel,
ciris_engine,ciris_engine/schemas/services/llm.py,LLMResponse,31,BaseModel,
ciris_engine,ciris_engine/schemas/services/llm.py,JSONExtractionResult,39,BaseModel,
ciris_engine,ciris_engine/schemas/services/llm.py,LLMCallMetadata,46,BaseModel,
ciris_engine,ciris_engine/schemas/services/llm.py,LLMMessage,57,BaseModel,
ciris_engine,ciris_engine/schemas/services/llm.py,LLMCallParams,63,BaseModel,
ciris_engine,ciris_engine/schemas/services/graph_core.py,GraphScope,12,str|Enum,
ciris_engine,ciris_engine/schemas/services/graph_core.py,NodeType,19,str|Enum,
ciris_engine,ciris_engine/schemas/services/graph_core.py,ConfigNodeType,34,str|Enum,
ciris_engine,ciris_engine/schemas/services/graph_core.py,GraphNodeAttributes,64,BaseModel,
ciris_engine,ciris_engine/schemas/services/graph_core.py,GraphNode,73,BaseModel,
ciris_engine,ciris_engine/schemas/services/graph_core.py,GraphEdgeAttributes,85,BaseModel,
ciris_engine,ciris_engine/schemas/services/graph_core.py,GraphEdge,92,BaseModel,
ciris_engine,ciris_engine/schemas/services/capabilities.py,LLMCapabilities,9,str|Enum,
ciris_engine,ciris_engine/schemas/services/capabilities.py,AuditCapabilities,13,str|Enum,
ciris_engine,ciris_engine/schemas/services/capabilities.py,CommunicationCapabilities,18,str|Enum,
ciris_engine,ciris_engine/schemas/services/capabilities.py,WiseAuthorityCapabilities,23,str|Enum,
ciris_engine,ciris_engine/schemas/services/capabilities.py,MemoryCapabilities,28,str|Enum,
ciris_engine,ciris_engine/schemas/services/capabilities.py,ToolCapabilities,34,str|Enum,
ciris_engine,ciris_engine/schemas/services/capabilities.py,TelemetryCapabilities,40,str|Enum,
ciris_engine,ciris_engine/schemas/services/tools_core.py,ToolExecutionStatus,11,str|Enum,
ciris_engine,ciris_engine/schemas/services/tools_core.py,ToolParameterType,19,str|Enum,
ciris_engine,ciris_engine/schemas/services/tools_core.py,ToolParameter,29,BaseModel,
ciris_engine,ciris_engine/schemas/services/tools_core.py,ToolExample,50,BaseModel,
ciris_engine,ciris_engine/schemas/services/tools_core.py,ToolDescription,58,BaseModel,
ciris_engine,ciris_engine/schemas/services/tools_core.py,ToolInvocation,72,BaseModel,
ciris_engine,ciris_engine/schemas/services/tools_core.py,ToolResult,84,BaseModel,
ciris_engine,ciris_engine/schemas/services/tools_core.py,ToolRegistryEntry,95,BaseModel,
ciris_engine,ciris_engine/schemas/services/tools_core.py,ToolCapability,106,BaseModel,
ciris_engine,ciris_engine/schemas/services/requests.py,ServiceRequest,21,BaseModel,
ciris_engine,ciris_engine/schemas/services/requests.py,ServiceResponse,28,BaseModel,
ciris_engine,ciris_engine/schemas/services/requests.py,MemorizeRequest,39,ServiceRequest,
ciris_engine,ciris_engine/schemas/services/requests.py,MemorizeResponse,43,ServiceResponse,
ciris_engine,ciris_engine/schemas/services/requests.py,RecallRequest,48,ServiceRequest,
ciris_engine,ciris_engine/schemas/services/requests.py,RecallResponse,52,ServiceResponse,
ciris_engine,ciris_engine/schemas/services/requests.py,ToolExecutionRequest,59,ServiceRequest,
ciris_engine,ciris_engine/schemas/services/requests.py,ToolExecutionResponse,65,ServiceResponse,
ciris_engine,ciris_engine/schemas/services/requests.py,LLMRequest,74,ServiceRequest,
ciris_engine,ciris_engine/schemas/services/requests.py,LLMResponse,81,ServiceResponse,
ciris_engine,ciris_engine/schemas/services/requests.py,AuditRequest,90,ServiceRequest,
ciris_engine,ciris_engine/schemas/services/requests.py,AuditResponse,96,ServiceResponse,
ciris_engine,ciris_engine/schemas/services/shutdown.py,EmergencyCommandType,12,str|Enum,
ciris_engine,ciris_engine/schemas/services/shutdown.py,WASignedCommand,18,BaseModel,
ciris_engine,ciris_engine/schemas/services/shutdown.py,EmergencyShutdownStatus,43,BaseModel,
ciris_engine,ciris_engine/schemas/services/shutdown.py,KillSwitchConfig,59,BaseModel,
ciris_engine,ciris_engine/schemas/persistence/core.py,DeferralPackage,18,BaseModel,
ciris_engine,ciris_engine/schemas/persistence/core.py,DeferralReportContext,26,BaseModel,
ciris_engine,ciris_engine/schemas/persistence/core.py,CorrelationUpdateRequest,34,BaseModel,
ciris_engine,ciris_engine/schemas/persistence/core.py,MetricsQuery,44,BaseModel,
ciris_engine,ciris_engine/schemas/persistence/core.py,IdentityContext,55,BaseModel,
ciris_engine,ciris_engine/schemas/persistence/core.py,ThoughtSummary,75,BaseModel,
ciris_engine,ciris_engine/schemas/persistence/core.py,TaskSummaryInfo,86,BaseModel,
ciris_engine,ciris_engine/schemas/persistence/core.py,QueryTimeRange,97,BaseModel,
ciris_engine,ciris_engine/schemas/persistence/core.py,PersistenceHealth,104,BaseModel,
ciris_engine,ciris_engine/schemas/handlers/core.py,DeferralReason,13,str|Enum,
ciris_engine,ciris_engine/schemas/handlers/core.py,EthicalAssessment,25,BaseModel,
ciris_engine,ciris_engine/schemas/handlers/core.py,CSDMAAssessment,35,BaseModel,
ciris_engine,ciris_engine/schemas/handlers/core.py,DSDMAAssessment,44,BaseModel,
ciris_engine,ciris_engine/schemas/handlers/core.py,ActionHistoryItem,53,BaseModel,
ciris_engine,ciris_engine/schemas/handlers/core.py,DeferralPackage,62,BaseModel,
ciris_engine,ciris_engine/schemas/handlers/core.py,TransportData,106,BaseModel,
ciris_engine,ciris_engine/schemas/handlers/core.py,DeferralReport,119,BaseModel,
ciris_engine,ciris_engine/schemas/handlers/core.py,DeferralResolution,142,BaseModel,
ciris_engine,ciris_engine/schemas/handlers/contexts.py,BaseActionContext,13,BaseModel,
ciris_engine,ciris_engine/schemas/handlers/contexts.py,SpeakContext,23,BaseActionContext,
ciris_engine,ciris_engine/schemas/handlers/contexts.py,ToolContext,30,BaseActionContext,
ciris_engine,ciris_engine/schemas/handlers/contexts.py,ObserveContext,36,BaseActionContext,
ciris_engine,ciris_engine/schemas/handlers/contexts.py,MemorizeContext,43,BaseActionContext,
ciris_engine,ciris_engine/schemas/handlers/contexts.py,RecallContext,51,BaseActionContext,
ciris_engine,ciris_engine/schemas/handlers/contexts.py,ForgetContext,59,BaseActionContext,
ciris_engine,ciris_engine/schemas/handlers/contexts.py,RejectContext,65,BaseActionContext,
ciris_engine,ciris_engine/schemas/handlers/contexts.py,PonderContext,72,BaseActionContext,
ciris_engine,ciris_engine/schemas/handlers/contexts.py,DeferContext,77,BaseActionContext,
ciris_engine,ciris_engine/schemas/handlers/contexts.py,TaskCompleteContext,83,BaseActionContext,
ciris_engine,ciris_engine/schemas/handlers/context.py,HandlerData,11,BaseModel,
ciris_engine,ciris_engine/schemas/handlers/context.py,SpeakHandlerData,15,HandlerData,
ciris_engine,ciris_engine/schemas/handlers/context.py,ToolHandlerData,21,HandlerData,
ciris_engine,ciris_engine/schemas/handlers/context.py,MemoryHandlerData,27,HandlerData,
ciris_engine,ciris_engine/schemas/handlers/context.py,HandlerContext,33,BaseModel,
ciris_engine,ciris_engine/schemas/handlers/context.py,ActionContextParams,47,BaseModel,
ciris_engine,ciris_engine/schemas/handlers/context.py,SpeakActionParams,51,ActionContextParams,
ciris_engine,ciris_engine/schemas/handlers/context.py,ToolActionParams,57,ActionContextParams,
ciris_engine,ciris_engine/schemas/handlers/context.py,MemoryActionParams,62,ActionContextParams,
ciris_engine,ciris_engine/schemas/handlers/context.py,ActionContext,69,BaseModel,
ciris_engine,ciris_engine/schemas/handlers/schemas.py,HandlerContext,63,BaseModel,
ciris_engine,ciris_engine/schemas/handlers/schemas.py,HandlerResult,72,BaseModel,
ciris_engine,ciris_engine/schemas/services/special/self_configuration.py,AdaptationState,12,str|Enum,
ciris_engine,ciris_engine/schemas/services/special/self_configuration.py,ProcessSnapshotResult,20,BaseModel,
ciris_engine,ciris_engine/schemas/services/special/self_configuration.py,AdaptationCycleResult,29,BaseModel,
ciris_engine,ciris_engine/schemas/services/special/self_configuration.py,CycleEventData,58,BaseModel,
ciris_engine,ciris_engine/schemas/services/special/self_configuration.py,AdaptationStatus,75,BaseModel,
ciris_engine,ciris_engine/schemas/services/special/self_configuration.py,ReviewOutcome,100,BaseModel,
ciris_engine,ciris_engine/schemas/services/special/self_configuration.py,AgentIdentityRoot,125,BaseModel,
ciris_engine,ciris_engine/schemas/services/special/self_configuration.py,ConfigurationChange,134,BaseModel,
ciris_engine,ciris_engine/schemas/services/special/self_configuration.py,ChangeApprovalResult,148,BaseModel,
ciris_engine,ciris_engine/schemas/services/special/self_configuration.py,RollbackResult,156,BaseModel,
ciris_engine,ciris_engine/schemas/services/special/self_configuration.py,ObservabilitySignal,164,BaseModel,
ciris_engine,ciris_engine/schemas/services/special/self_configuration.py,AdaptationOpportunity,172,BaseModel,
ciris_engine,ciris_engine/schemas/services/special/self_configuration.py,ObservabilityAnalysis,181,BaseModel,
ciris_engine,ciris_engine/schemas/services/special/self_configuration.py,AdaptationImpact,201,BaseModel,
ciris_engine,ciris_engine/schemas/services/special/self_configuration.py,AdaptationEffectiveness,209,BaseModel,
ciris_engine,ciris_engine/schemas/services/special/self_configuration.py,PatternRecord,225,BaseModel,
ciris_engine,ciris_engine/schemas/services/special/self_configuration.py,PatternLibrarySummary,236,BaseModel,
ciris_engine,ciris_engine/schemas/services/special/self_configuration.py,ServiceImprovementReport,244,BaseModel,
ciris_engine,ciris_engine/schemas/services/authority/wise_authority.py,PermissionEntry,12,BaseModel,
ciris_engine,ciris_engine/schemas/services/authority/wise_authority.py,ApprovalRequestContext,19,BaseModel,
ciris_engine,ciris_engine/schemas/services/authority/wise_authority.py,AuthenticationResult,25,BaseModel,
ciris_engine,ciris_engine/schemas/services/authority/wise_authority.py,WAUpdate,35,BaseModel,
ciris_engine,ciris_engine/schemas/services/authority/wise_authority.py,TokenVerification,43,BaseModel,
ciris_engine,ciris_engine/schemas/services/authority/wise_authority.py,PendingDeferral,52,BaseModel,
ciris_engine,ciris_engine/schemas/services/authority/wise_authority.py,DeferralResolution,77,BaseModel,
ciris_engine,ciris_engine/schemas/services/authority/wise_authority.py,WAResource,98,BaseModel,
ciris_engine,ciris_engine/schemas/services/authority/wise_authority.py,OAuthConfig,117,BaseModel,
ciris_engine,ciris_engine/schemas/services/core/runtime.py,AdapterStatus,12,str|Enum,
ciris_engine,ciris_engine/schemas/services/core/runtime.py,ProcessorStatus,21,str|Enum,
ciris_engine,ciris_engine/schemas/services/core/runtime.py,ConfigScope,28,str|Enum,
ciris_engine,ciris_engine/schemas/services/core/runtime.py,ConfigValidationLevel,35,str|Enum,
ciris_engine,ciris_engine/schemas/services/core/runtime.py,ProcessorQueueStatus,42,BaseModel,
ciris_engine,ciris_engine/schemas/services/core/runtime.py,AdapterInfo,51,BaseModel,
ciris_engine,ciris_engine/schemas/services/core/runtime.py,AdapterOperationResult,61,BaseModel,
ciris_engine,ciris_engine/schemas/services/core/runtime.py,ConfigBackup,69,BaseModel,
ciris_engine,ciris_engine/schemas/services/core/runtime.py,ServiceRegistryInfo,78,BaseModel,
ciris_engine,ciris_engine/schemas/services/core/runtime.py,CircuitBreakerResetResult,86,BaseModel,
ciris_engine,ciris_engine/schemas/services/core/runtime.py,ServiceHealthStatus,93,BaseModel,
ciris_engine,ciris_engine/schemas/services/core/runtime.py,ServiceSelectionExplanation,102,BaseModel,
ciris_engine,ciris_engine/schemas/services/core/runtime.py,RuntimeEvent,110,BaseModel,
ciris_engine,ciris_engine/schemas/services/core/runtime.py,ConfigReloadResult,118,BaseModel,
ciris_engine,ciris_engine/schemas/services/core/runtime.py,ProcessorControlResponse,126,BaseModel,
ciris_engine,ciris_engine/schemas/services/core/runtime.py,AdapterOperationResponse,134,BaseModel,
ciris_engine,ciris_engine/schemas/services/core/runtime.py,RuntimeStatusResponse,143,BaseModel,
ciris_engine,ciris_engine/schemas/services/core/runtime.py,RuntimeStateSnapshot,152,BaseModel,
ciris_engine,ciris_engine/schemas/services/core/runtime.py,ConfigOperationResponse,161,BaseModel,
ciris_engine,ciris_engine/schemas/services/core/runtime.py,ConfigValidationResponse,169,BaseModel,
ciris_engine,ciris_engine/schemas/services/core/runtime.py,ConfigBackupResponse,177,BaseModel,
ciris_engine,ciris_engine/schemas/services/core/runtime_config.py,AdapterConfig,11,BaseModel,
ciris_engine,ciris_engine/schemas/services/core/runtime_config.py,ProcessorConfig,34,BaseModel,
ciris_engine,ciris_engine/schemas/services/core/runtime_config.py,RuntimeConfig,52,BaseModel,
ciris_engine,ciris_engine/schemas/services/core/runtime_config.py,ServiceInfo,72,BaseModel,
ciris_engine,ciris_engine/schemas/services/core/runtime_config.py,ServiceHealthReport,92,BaseModel,
ciris_engine,ciris_engine/schemas/services/core/__init__.py,ServiceCapabilities,17,BaseModel,
ciris_engine,ciris_engine/schemas/services/core/__init__.py,ServiceStatus,25,BaseModel,
ciris_engine,ciris_engine/schemas/services/core/__init__.py,ServiceContainer,35,BaseModel,
ciris_engine,ciris_engine/schemas/services/core/__init__.py,RuntimeMetrics,84,BaseModel,
ciris_engine,ciris_engine/schemas/services/core/__init__.py,RuntimeStatus,104,BaseModel,
ciris_engine,ciris_engine/schemas/services/core/__init__.py,BusMessage,113,BaseModel,
ciris_engine,ciris_engine/schemas/services/core/__init__.py,ServiceRegistration,124,BaseModel,
ciris_engine,ciris_engine/schemas/services/core/secrets.py,SecretContext,12,BaseModel,
ciris_engine,ciris_engine/schemas/services/core/secrets.py,ConfigUpdate,20,BaseModel,
ciris_engine,ciris_engine/schemas/services/core/secrets.py,SecretAccessLog,29,BaseModel,
ciris_engine,ciris_engine/schemas/services/core/secrets.py,SecretFilterStatus,39,BaseModel,
ciris_engine,ciris_engine/schemas/services/core/secrets.py,SecretsServiceStats,49,BaseModel,
ciris_engine,ciris_engine/schemas/services/lifecycle/time.py,TimeServiceConfig,11,BaseModel,
ciris_engine,ciris_engine/schemas/services/lifecycle/time.py,TimeSnapshot,23,BaseModel,
ciris_engine,ciris_engine/schemas/services/lifecycle/time.py,TimeServiceStatus,32,BaseModel,
ciris_engine,ciris_engine/schemas/services/lifecycle/initialization.py,InitializationStatus,7,BaseModel,
ciris_engine,ciris_engine/schemas/services/lifecycle/initialization.py,InitializationVerification,17,BaseModel,
ciris_engine,ciris_engine/schemas/services/graph/audit.py,AuditEventData,11,BaseModel,
ciris_engine,ciris_engine/schemas/services/graph/audit.py,VerificationReport,31,BaseModel,
ciris_engine,ciris_engine/schemas/services/graph/audit.py,AuditQueryResult,53,BaseModel,
ciris_engine,ciris_engine/schemas/services/graph/audit.py,AuditQuery,71,BaseModel,
ciris_engine,ciris_engine/schemas/services/graph/incident.py,IncidentSeverity,14,str|Enum,
ciris_engine,ciris_engine/schemas/services/graph/incident.py,IncidentStatus,21,str|Enum,
ciris_engine,ciris_engine/schemas/services/graph/incident.py,IncidentNode,30,TypedGraphNode,register_node_type
ciris_engine,ciris_engine/schemas/services/graph/incident.py,ProblemNode,133,TypedGraphNode,register_node_type
ciris_engine,ciris_engine/schemas/services/graph/incident.py,IncidentInsightNode,211,TypedGraphNode,register_node_type
ciris_engine,ciris_engine/schemas/services/graph/memory.py,NodeAttributes,11,BaseModel,
ciris_engine,ciris_engine/schemas/services/graph/memory.py,MemorySearchFilter,30,BaseModel,
ciris_engine,ciris_engine/schemas/services/graph/memory.py,GraphQuery,44,BaseModel,
ciris_engine,ciris_engine/schemas/services/graph/memory.py,MemoryOperationContext,69,BaseModel,
ciris_engine,ciris_engine/schemas/services/graph/tsdb_consolidation.py,TSDBConsolidationConfig,10,BaseModel,
ciris_engine,ciris_engine/schemas/services/graph/tsdb_consolidation.py,TSDBConsolidationStatus,26,BaseModel,
ciris_engine,ciris_engine/schemas/services/graph/telemetry.py,TelemetrySnapshotResult,14,BaseModel,
ciris_engine,ciris_engine/schemas/services/graph/telemetry.py,TelemetryData,22,BaseModel,
ciris_engine,ciris_engine/schemas/services/graph/telemetry.py,ResourceData,28,BaseModel,
ciris_engine,ciris_engine/schemas/services/graph/telemetry.py,BehavioralData,34,BaseModel,
ciris_engine,ciris_engine/schemas/services/graph/telemetry.py,UserProfile,40,BaseModel,
ciris_engine,ciris_engine/schemas/services/graph/telemetry.py,ChannelContext,47,BaseModel,
ciris_engine,ciris_engine/schemas/services/graph/telemetry.py,ConsolidationResult,54,BaseModel,
ciris_engine,ciris_engine/schemas/services/graph/telemetry.py,TelemetryServiceStatus,62,BaseModel,
ciris_engine,ciris_engine/schemas/services/graph/telemetry.py,GraphQuery,70,BaseModel,
ciris_engine,ciris_engine/schemas/services/graph/telemetry.py,ServiceCapabilities,77,BaseModel,
ciris_engine,ciris_engine/protocols/infrastructure/base.py,RuntimeProtocol,24,ServiceProtocol,
ciris_engine,ciris_engine/protocols/infrastructure/base.py,ServiceInitializerProtocol,57,ServiceProtocol,
ciris_engine,ciris_engine/protocols/infrastructure/base.py,BusManagerProtocol,85,ServiceProtocol,
ciris_engine,ciris_engine/protocols/infrastructure/base.py,IdentityVarianceMonitorProtocol,121,ServiceProtocol,
ciris_engine,ciris_engine/protocols/infrastructure/base.py,ConfigurationFeedbackLoopProtocol,149,ServiceProtocol,
ciris_engine,ciris_engine/protocols/infrastructure/base.py,AdapterManagerProtocol,176,ServiceProtocol,
ciris_engine,ciris_engine/protocols/infrastructure/base.py,PersistenceManagerProtocol,208,ServiceProtocol,
ciris_engine,ciris_engine/protocols/infrastructure/base.py,ServiceRegistryProtocol,235,ServiceProtocol,
ciris_engine,ciris_engine/protocols/runtime/base.py,ServiceProtocol,19,Protocol,
ciris_engine,ciris_engine/protocols/runtime/base.py,GraphServiceProtocol,53,ServiceProtocol|Protocol,
ciris_engine,ciris_engine/protocols/runtime/base.py,CoreServiceProtocol,71,ServiceProtocol|Protocol,
ciris_engine,ciris_engine/protocols/runtime/base.py,VisibilityServiceProtocol,79,ServiceProtocol|Protocol,
ciris_engine,ciris_engine/protocols/runtime/base.py,BaseHandlerProtocol,87,Protocol,
ciris_engine,ciris_engine/protocols/runtime/base.py,BaseAdapterProtocol,100,Protocol,
ciris_engine,ciris_engine/protocols/runtime/base.py,BaseDMAProtocol,123,Protocol,
ciris_engine,ciris_engine/protocols/adapters/base.py,APIAdapterProtocol,16,BaseAdapterProtocol,
ciris_engine,ciris_engine/protocols/adapters/base.py,CLIAdapterProtocol,44,BaseAdapterProtocol,
ciris_engine,ciris_engine/protocols/adapters/base.py,DiscordAdapterProtocol,72,BaseAdapterProtocol,
ciris_engine,ciris_engine/protocols/adapters/base.py,SlackAdapterProtocol,109,BaseAdapterProtocol,
ciris_engine,ciris_engine/protocols/adapters/base.py,WebSocketAdapterProtocol,122,BaseAdapterProtocol,
ciris_engine,ciris_engine/protocols/adapters/base.py,MatrixAdapterProtocol,135,BaseAdapterProtocol,
ciris_engine,ciris_engine/protocols/processors/base.py,ProcessorProtocol,11,Protocol,
ciris_engine,ciris_engine/protocols/processors/agent.py,ProcessingSchedule,15,Protocol,
ciris_engine,ciris_engine/protocols/processors/agent.py,ProcessorMetrics,23,Protocol,
ciris_engine,ciris_engine/protocols/processors/agent.py,QueueStatus,35,Protocol,
ciris_engine,ciris_engine/protocols/processors/agent.py,ProcessingResult,45,Protocol,
ciris_engine,ciris_engine/protocols/processors/agent.py,AgentProcessorProtocol,54,Protocol,
ciris_engine,ciris_engine/protocols/dma/base.py,PDMAProtocol,16,BaseDMAProtocol,
ciris_engine,ciris_engine/protocols/dma/base.py,CSDMAProtocol,25,BaseDMAProtocol,
ciris_engine,ciris_engine/protocols/dma/base.py,DSDMAProtocol,35,BaseDMAProtocol,
ciris_engine,ciris_engine/protocols/dma/base.py,ActionSelectionDMAProtocol,45,BaseDMAProtocol,
ciris_engine,ciris_engine/protocols/dma/base.py,EmergencyDMAProtocol,65,BaseDMAProtocol,
ciris_engine,ciris_engine/protocols/dma/base.py,CollaborativeDMAProtocol,83,BaseDMAProtocol,
ciris_engine,ciris_engine/protocols/services/__init__.py,GraphMemoryServiceProtocol,56,ServiceProtocol,
ciris_engine,ciris_engine/protocols/services/infrastructure/resource_monitor.py,ResourceMonitorServiceProtocol,19,ServiceProtocol|Protocol,runtime_checkable
ciris_engine,ciris_engine/protocols/services/infrastructure/authentication.py,AuthenticationServiceProtocol,22,ServiceProtocol|Protocol,
ciris_engine,ciris_engine/protocols/services/runtime/tool.py,ToolServiceProtocol,8,ServiceProtocol|Protocol,
ciris_engine,ciris_engine/protocols/services/runtime/llm.py,MessageDict,11,TypedDict,
ciris_engine,ciris_engine/protocols/services/runtime/llm.py,LLMServiceProtocol,16,ServiceProtocol|Protocol,
ciris_engine,ciris_engine/protocols/services/runtime/secrets.py,SecretsServiceProtocol,13,ServiceProtocol|Protocol,
ciris_engine,ciris_engine/protocols/services/runtime/runtime_control.py,RuntimeControlServiceProtocol,25,ServiceProtocol|Protocol,
ciris_engine,ciris_engine/protocols/services/governance/visibility.py,VisibilityServiceProtocol,11,ServiceProtocol|Protocol,
ciris_engine,ciris_engine/protocols/services/governance/wa_auth.py,WAStore,14,Protocol,
ciris_engine,ciris_engine/protocols/services/governance/wa_auth.py,JWTService,52,Protocol,
ciris_engine,ciris_engine/protocols/services/governance/wa_auth.py,WACrypto,79,Protocol,
ciris_engine,ciris_engine/protocols/services/governance/wa_auth.py,WAAuthMiddleware,122,Protocol,
ciris_engine,ciris_engine/protocols/services/governance/wa_auth.py,OAuthService,140,Protocol,
ciris_engine,ciris_engine/protocols/services/governance/filter.py,AdaptiveFilterServiceProtocol,9,ServiceProtocol|Protocol,
ciris_engine,ciris_engine/protocols/services/governance/wise_authority.py,WiseAuthorityServiceProtocol,19,ServiceProtocol|Protocol,
ciris_engine,ciris_engine/protocols/services/governance/communication.py,CommunicationServiceProtocol,9,ServiceProtocol|Protocol,
ciris_engine,ciris_engine/protocols/services/lifecycle/time.py,TimeServiceProtocol,9,ServiceProtocol|Protocol,
ciris_engine,ciris_engine/protocols/services/lifecycle/initialization.py,InitializationServiceProtocol,12,ServiceProtocol|Protocol,
ciris_engine,ciris_engine/protocols/services/lifecycle/scheduler.py,TaskSchedulerServiceProtocol,10,ServiceProtocol|Protocol,
ciris_engine,ciris_engine/protocols/services/lifecycle/shutdown.py,ShutdownServiceProtocol,8,ServiceProtocol|Protocol,
ciris_engine,ciris_engine/protocols/services/adaptation/self_configuration.py,SelfConfigurationServiceProtocol,28,ServiceProtocol|Protocol,
ciris_engine,ciris_engine/protocols/services/graph/audit.py,AuditServiceProtocol,12,GraphServiceProtocol|Protocol,
ciris_engine,ciris_engine/protocols/services/graph/incident.py,IncidentManagementServiceProtocol,17,GraphServiceProtocol|Protocol,runtime_checkable
ciris_engine,ciris_engine/protocols/services/graph/memory.py,MemoryServiceProtocol,12,GraphServiceProtocol|Protocol,
ciris_engine,ciris_engine/protocols/services/graph/config.py,GraphConfigServiceProtocol,11,GraphServiceProtocol|Protocol,
ciris_engine,ciris_engine/protocols/services/graph/tsdb_consolidation.py,TSDBConsolidationServiceProtocol,17,GraphServiceProtocol|Protocol,runtime_checkable
ciris_engine,ciris_engine/protocols/services/graph/telemetry.py,TelemetryServiceProtocol,9,GraphServiceProtocol|Protocol,
tests,tests/test_thought_depth_propagation.py,TestThoughtDepthPropagation,32,,
tests,tests/test_observe_handler_recall_logic.py,MockMemoryService,28,,
tests,tests/test_observe_handler_recall_logic.py,TestObserveHandlerRecallLogic,189,,
tests,tests/adapters/test_mock_llm_comprehensive.py,TestMockLLMComprehensive,16,,
tests,tests/api/test_api_healthy_server.py,TestHealthyServerAPI,30,,
tests,tests/api/test_api_healthy_server.py,TestProcessorControl,401,,
tests,tests/integration/test_observe_handler_integration.py,MockMemoryService,29,,
tests,tests/adapters/test_discord/test_discord_adapter_comprehensive.py,TestDiscordAdapterCore,76,,
tests,tests/adapters/test_discord/test_discord_adapter_comprehensive.py,TestDiscordWiseAuthority,164,,
tests,tests/adapters/test_discord/test_discord_adapter_comprehensive.py,TestDiscordToolExecution,297,,
tests,tests/adapters/test_discord/test_discord_adapter_comprehensive.py,TestDiscordConnectionResilience,339,,
tests,tests/adapters/test_discord/test_discord_adapter_comprehensive.py,TestDiscordErrorHandling,369,,
tests,tests/adapters/test_discord/test_discord_adapter_comprehensive.py,TestDiscordAuditLogging,403,,
tests,tests/adapters/test_discord/test_discord_message_handler.py,TestDiscordMessageHandler,13,,
tests,tests/adapters/test_discord/test_discord_adapter_unit.py,TestDiscordAdapter,17,,
tests,tests/adapters/test_discord/test_discord_components.py,TestDiscordVisionHelper,18,,
tests,tests/adapters/test_discord/test_discord_components.py,TestDiscordErrorHandler,73,,
tests,tests/adapters/test_discord/test_discord_components.py,TestDiscordRateLimiter,137,,
tests,tests/adapters/test_discord/test_discord_components.py,TestDiscordEmbedFormatter,182,,
tests,tests/adapters/test_discord/test_discord_components.py,TestDiscordThreadManager,279,,
tests,tests/adapters/test_discord/test_discord_components.py,TestDiscordAccessControl,367,,
tests,tests/adapters/test_discord/test_discord_components.py,TestDiscordAuditLogger,436,,
tests,tests/adapters/api/test_api_runtime_control.py,TestAPIRuntimeControlRoutes,13,AioHTTPTestCase,
tests,tests/adapters/api/test_api_memory_unit.py,TestAPIMemoryRoutes,11,AioHTTPTestCase,
tests,tests/adapters/mock_llm/service.py,MockInstructorClient,15,,
tests,tests/adapters/mock_llm/service.py,MockLLMClient,33,,
tests,tests/adapters/mock_llm/service.py,MockLLMService,77,LLMService,
tests,tests/adapters/mock_llm/responses.py,MockLLMConfig,32,,
tests,tests/ciris_engine/logic/runtime/test_ciris_runtime.py,TestCIRISRuntime,16,,
tests,tests/ciris_engine/logic/runtime/test_service_initializer.py,TestServiceInitializer,15,,
tests,tests/ciris_engine/logic/services/test_insight_processing.py,MockTimeService,21,TimeServiceProtocol,
tests,tests/ciris_engine/logic/adapters/discord/test_discord_adapter_unit.py,TestDiscordAdapter,17,,
tests,tests/ciris_engine/logic/adapters/discord/test_discord_adapter_unit.py,TestDiscordObserver,419,,
tests,tests/ciris_engine/logic/adapters/discord/test_discord_adapter_unit.py,TestDiscordErrorHandler,488,,
tests,tests/ciris_engine/logic/processors/core/test_thought_processor.py,TestThoughtProcessor,19,,
tests,tests/ciris_engine/logic/processors/core/test_main_processor.py,TestAgentProcessor,16,,
tests,tests/ciris_engine/logic/processors/states/test_dream_processor.py,TestDreamProcessor,21,,
tests,tests/ciris_engine/logic/services/infrastructure/test_authentication.py,TestAuthenticationService,21,,
tests,tests/ciris_engine/logic/services/graph/test_audit_service_unit.py,TestGraphAuditService,16,,
